id,timeAtServer,aircraft,latitude,longitude,baroAltitude,geoAltitude,numMeasurements,measurements
88344,161.645,175,50.93843079,5.163277291,10972.8,11155.68,5,"[[436,162621275328,108],[322,162621455375,105],[394,162621420671,75],[115,162621560890,99],[13,162621166781,136]]"
236628,435.3500001,646,50.63859558,5.707542018,11277.6,11468.1,6,"[[436,436333735265,127],[322,436334043515,90],[412,436334025197,44],[394,436333790953,90],[115,436333872937,59],[13,436333725250,74]]"
160941,296.865,1752,50.98596605,5.297470093,10965.18,11132.82,5,"[[322,297851270765,87],[436,297851051031,115],[394,297851195656,71],[115,297851339781,76],[13,297851010828,108]]"
84191,154.112,354,51.63062144,4.943695068,11582.4,11681.46,4,"[[436,155101315500,120],[322,155101270421,119],[394,155101498390,73],[13,155101361531,88]]"
141010,259.28,175,50.99029541,4.864807129,10972.8,11155.68,4,"[[436,260267948140,113],[394,260268109609,99],[322,260268029390,110],[13,260267745640,144]]"
141011,259.28,175,50.99029541,4.864807129,10972.8,11148.06,4,"[[436,260267948140,113],[394,260268109609,99],[322,260268029390,110],[13,260267745640,144]]"
46262,84.29400015,1752,50.84253861,5.958404541,10965.18,11148.06,4,"[[436,85274394546,95],[394,85274433734,87],[322,85274766296,54],[13,85274506437,42]]"
234422,431.3700001,2075,51.34030151,4.259429107,11277.6,11422.38,4,"[[436,432359793015,94],[322,432359599937,77],[394,432359978328,56],[13,432359618015,115]]"
108950,200.319,1752,50.92102568,5.597305297999999,10972.8,11148.06,5,"[[436,201290317859,96],[322,201290623109,75],[115,201290557125,82],[394,201290426562,127],[13,201290361359,91]]"
912,1.633000135,175,50.85110422,5.654830933,10988.04,11178.54,5,"[[436,2603760484,89],[322,2604074484,67],[394,2603850421,116],[13,2603797234,63],[115,2603968562,98]]"
7400,13.53500009,1023,51.68234098,4.7885894780000005,11277.6,11369.04,5,"[[436,14508181046,106],[394,14508363812,64],[322,14508056765,135],[115,14508552375,66],[13,14508201328,64]]"
189546,349.352,646,50.68606567,5.430586531,11269.98,11452.86,4,"[[436,350328310140,101],[394,350328402500,86],[322,350328563421,52],[13,350328231843,78]]"
1028,1.886000156,646,50.87172686,4.3019104000000015,11269.98,11437.62,5,"[[436,2869889281,57],[322,2869837453,74],[394,2870052421,54],[115,2870194843,79],[13,2869574437,133]]"
128050,235.3150001,354,51.65715622,4.699020386,11582.4,11681.46,5,"[[436,236292181562,97],[115,236292553328,0],[322,236292027187,74],[394,236292365953,69],[13,236292176031,98]]"
157168,289.4490001000001,646,50.71861267,5.237880397,11285.22,11468.1,4,"[[322,290423227078,53],[436,290423019625,125],[394,290423132328,72],[13,290422884765,83]]"
139415,256.405,175,50.98883057,4.873327307,10972.8,11155.68,5,"[[436,257392818750,134],[322,257392902921,110],[394,257392979828,95],[115,257393127734,91],[13,257392618625,153]]"
44327,80.86300015,953,51.5591172,5.475082397,11887.2,12039.6,4,"[[322,81842905734,111],[436,81842711437,121],[394,81842886312,111],[13,81842899312,56]]"
226368,416.9400001,1752,51.06524451,4.926071167,10972.8,11140.44,4,"[[436,417927002578,115],[394,417927169609,47],[322,417927092093,105],[13,417926852875,125]]"
173615,320.378,2075,51.548172,4.313766892,10972.8,11117.58,4,"[[436,321363521421,76],[322,321363263890,128],[394,321363708750,42],[13,321363416593,84]]"
211576,389.911,1752,51.04756165,5.009468697,10972.8,11140.44,4,"[[394,390886976000,48],[322,390886932546,99],[436,390886812484,106],[13,390886685078,90]]"
128935,237.0830002,646,50.74687376,5.069122314,11300.46,11483.34,4,"[[436,238072768843,113],[322,238072932093,38],[394,238072895921,115],[13,238072579812,109]]"
128936,237.0830002,646,50.74687376,5.069122314,11300.46,11475.72,4,"[[436,238072768843,113],[322,238072932093,38],[394,238072895921,115],[13,238072579812,109]]"
210487,387.9620001,175,51.05821513,4.47303772,10972.8,11148.06,4,"[[436,388949975500,97],[322,388949925968,110],[394,388950148375,29],[13,388949721421,120]]"
140223,257.8740001,2075,51.66479078,4.344558716,10972.8,11117.58,4,"[[322,258842512812,124],[436,258842806734,86],[394,258842993062,62],[13,258842737203,72]]"
216190,398.467,354,51.70510502,4.200897217,11605.26,11696.7,4,"[[322,399433490921,72],[394,399434030718,49],[436,399433844796,91],[13,399433763187,58]]"
43417,79.27999997,175,50.89389038,5.415740142000001,10972.8,11163.3,5,"[[436,80269918250,112],[322,80270173609,77],[115,80270171500,63],[394,80270040687,97],[13,80269890500,82]]"
13504,24.84899998,1023,51.70198059,4.816539868,11285.22,11376.66,4,"[[322,25823183812,103],[436,25823302312,127],[394,25823483984,61],[13,25823332421,70]]"
108512,199.5090001,175,50.95875549,5.047104294,10972.8,11155.68,5,"[[436,200496998046,106],[322,200497140421,72],[394,200497150703,93],[115,200497294421,81],[13,200496850953,151]]"
162215,299.2840002,175,51.01124392,4.742736816,10965.18,11148.06,4,"[[436,300268662625,115],[322,300268702687,113],[394,300268828546,68],[13,300268432890,138]]"
88005,161.0320001,1752,50.89389038,5.71920034,10965.18,11148.06,5,"[[322,162010319203,96],[394,162010074968,118],[436,162009987015,107],[115,162010197921,67],[13,162010057703,84]]"
175151,323.197,1752,51.00351625,5.215835571,10972.8,11140.44,4,"[[436,324186240343,93],[322,324186433078,95],[394,324186391609,64],[13,324186174921,112]]"
10160,18.70000005,953,51.62768555,5.278633736000001,11887.2,12031.98,4,"[[436,19689607031,83],[394,19689783500,46],[322,19689701015,131],[13,19689743593,69]]"
50145,91.21399999,354,51.59752279999999,5.132141113,11597.64,11704.32,4,"[[436,92200250171,99],[322,92200293203,106],[394,92200431828,62],[13,92200340609,63]]"
21774,39.90799999,1749,50.3265536,5.916583087,10972.8,11109.96,6,"[[322,40889118500,38],[436,40888799812,87],[394,40888808093,90],[412,40888861498,28],[115,40888831062,57],[13,40888775265,38]]"
259453,476.3330002,1752,51.1038208,4.742753312,10965.18,11125.2,5,"[[436,477322765875,95],[322,477322787828,82],[394,477322938890,35],[115,477323096968,51],[13,477322578890,96]]"
259454,476.3330002,1752,51.1038208,4.742753312,10965.18,11132.82,5,"[[436,477322765875,95],[322,477322787828,82],[394,477322938890,35],[115,477323096968,51],[13,477322578890,96]]"
21576,39.55900002,1752,50.81358312,6.097564697,10965.18,11148.06,5,"[[436,40539145750,99],[322,40539533531,70],[394,40539154218,134],[238,40539372406,54],[13,40539275015,60]]"
109377,201.138,1752,50.92163086,5.5944824220000005,10972.8,11148.06,5,"[[436,202125341359,70],[322,202125646000,84],[394,202125450515,140],[115,202125581156,59],[13,202125384281,80]]"
244431,449.457,1752,51.08647156,4.825447701,10965.18,11132.82,4,"[[394,450432532125,45],[436,450432361546,106],[322,450432414078,105],[13,450432189218,121]]"
206147,379.905,175,51.05318748,4.497070313,10972.8,11148.06,5,"[[436,380894793312,69],[394,380894965531,57],[322,380894751796,91],[412,380895317900,23],[13,380894539625,86]]"
21549,39.50699997,175,50.87210083,5.53807439,10988.04,11178.54,4,"[[394,40484416531,118],[436,40484309281,106],[322,40484596468,61],[13,40484316375,101]]"
127809,234.8760002,175,50.97749354,4.93927002,10980.42,11163.3,5,"[[322,235852589796,124],[436,235852483437,89],[394,235852641687,79],[115,235852788140,82],[13,235852302218,154]]"
175666,324.086,1752,51.00411987,5.213012695,10972.8,11140.44,5,"[[322,325051457203,111],[436,325051265421,105],[115,325051563875,76],[394,325051416875,71],[13,325051199171,89]]"
152282,280.27100010000004,354,51.67053223,4.562369682,11590.02,11681.46,5,"[[436,281252818203,86],[394,281253003125,67],[322,281252604234,154],[115,281253190062,58],[13,281252788015,85]]"
129934,238.947,175,50.97967529,4.926774308,10980.42,11163.3,5,"[[436,239932536671,100],[322,239932638859,127],[115,239932842250,92],[394,239932695531,83],[13,239932351734,154]]"
199672,368.0340002,646,50.67581177,5.490714408,11277.6,11460.48,5,"[[322,369013668062,65],[412,369013737175,9],[436,369013401703,88],[394,369013486750,109],[13,369013339593,77]]"
170360,314.5050001,646,50.70502329999999,5.318450928,11277.6,11460.48,4,"[[436,315480272218,80],[322,315480499515,80],[394,315480376984,122],[13,315480161859,98]]"
15167,27.90400004,1023,51.70715332,4.823989868,11285.22,11376.66,5,"[[322,28873235859,117],[436,28873352671,125],[394,28873534031,71],[115,28873723453,50],[13,28873385437,58]]"
17064,31.32599998,953,51.61363220000001,5.319164379,11887.2,12031.98,4,"[[322,32308126406,89],[436,32308012031,48],[394,32308188234,51],[13,32308158421,86]]"
17065,31.32599998,953,51.61363220000001,5.319164379,11887.2,12039.6,4,"[[322,32308126406,89],[436,32308012031,48],[394,32308188234,51],[13,32308158421,86]]"
180246,332.348,646,50.6953125,5.375877587000001,11269.98,11452.86,4,"[[322,333333468109,84],[436,333333227281,102],[394,333333325843,97],[13,333333133625,96]]"
114004,209.71,2075,51.75448608,4.368772764,10965.18,11109.96,5,"[[436,210697239640,71],[322,210696923187,130],[394,210697423781,57],[115,210697611828,42],[13,210697194406,76]]"
15529,28.51800013,354,51.56395864,5.321044922,11582.4,11689.08,4,"[[436,29489296843,76],[322,29489427796,56],[394,29489476500,61],[13,29489437812,83]]"
233488,429.7380002,1752,51.0736084,4.886466361,10965.18,11132.82,5,"[[436,430717108140,101],[394,430717276687,50],[412,430717658022,6],[322,430717183187,96],[13,430716948968,75]]"
256602,471.125,646,50.61849976,5.8234766910000015,11277.6,11468.1,6,"[[436,472113914968,116],[322,472114242046,92],[115,472114024562,95],[394,472113953140,98],[440,472114191705,5],[13,472113928640,80]]"
27674,50.87000012,1752,50.82093837,6.062469482000001,10965.18,11148.06,4,"[[394,51834226859,125],[322,51834594718,58],[436,51834210593,95],[13,51834335953,67]]"
2585,4.762000083999999,1023,51.66800289,4.7681427,11277.6,11369.04,5,"[[436,5747987406,104],[115,5748358890,63],[322,5747858750,120],[394,5748170843,81],[13,5747999953,66]]"
23155,42.48800015,1752,50.815445200000006,6.088562012000001,10965.18,11148.06,5,"[[322,43459496171,71],[436,43459109250,107],[115,43459208156,67],[394,43459119734,131],[13,43459237609,55]]"
42285,77.24500012,354,51.59012099,5.173950195,11590.02,11696.7,5,"[[322,78209938296,113],[394,78210056953,49],[436,78209875640,75],[115,78210245406,45],[13,78209976859,44]]"
202740,373.631,646,50.6727626,5.508575439,11277.6,11460.48,6,"[[436,374603429187,85],[115,374603609140,48],[322,374603699343,71],[394,374603512000,63],[412,374603761225,24],[13,374603371750,72]]"
257144,472.105,1605,50.78663635,5.848067,10363.2,10477.5,4,"[[394,473075925015,85],[322,473076218953,90],[436,473075872234,127],[13,473075939296,76]]"
133480,245.4660001,354,51.66023254,4.668001742,11582.4,11673.84,4,"[[436,246452080906,60],[322,246451912953,126],[394,246452265343,68],[13,246452069578,56]]"
168436,310.9580002,354,51.67955017,4.468020877,11582.4,11673.84,4,"[[436,311943022046,112],[394,311943207281,58],[322,311942768343,103],[13,311942976703,70]]"
147022,270.5540001,175,50.99620056,4.83034701,10972.8,11155.68,4,"[[436,271533114703,141],[322,271533184281,90],[394,271533277453,73],[13,271532903421,135]]"
154633,284.5570002,646,50.72126770000001,5.222143225,11285.22,11468.1,4,"[[436,285542996171,118],[322,285543199625,69],[394,285543110312,85],[13,285542856375,84]]"
119963,220.4750001,646,50.75581179,5.015411377,11300.46,11483.34,4,"[[436,221457689656,91],[322,221457838328,53],[394,221457820718,100],[13,221457482812,122]]"
119964,220.4750001,646,50.75581179,5.015411377,11300.46,11475.72,4,"[[436,221457689656,91],[322,221457838328,53],[394,221457820718,100],[13,221457482812,122]]"
34783,63.68799996,175,50.88528442,5.463990907,10980.42,11170.92,5,"[[436,64669795171,135],[322,64670063437,93],[115,64670040546,96],[13,64669781500,89],[394,64669911984,111]]"
116503,214.2220001,175,50.96658325,5.002193966,10980.42,11163.3,5,"[[322,215207378359,62],[436,215207251000,60],[115,215207550968,45],[394,215207406078,52],[13,215207089359,118]]"
181019,333.825,646,50.6945343,5.380702662999999,11277.6,11460.48,5,"[[322,334811309640,79],[436,334811067718,61],[412,334811422697,36],[394,334811165750,65],[13,334810975484,50]]"
149650,275.428,2075,51.63198853,4.33581378,10965.18,11109.96,4,"[[436,276413007703,80],[394,276413194343,39],[322,276412723484,144],[13,276412928500,86]]"
155649,286.506,2075,51.61148847,4.330444336,10972.8,11117.58,4,"[[436,287488114593,113],[322,287487836828,115],[394,287488301437,31],[13,287488029187,85]]"
45292,82.61899996,397,51.18539429,4.203309755,11544.3,11681.46,4,"[[436,83609645296,124],[322,83609489171,122],[394,83609825921,47],[13,83609414578,109]]"
12194,22.423000100000007,414,50.23293705,6.120275549,11277.6,11468.1,7,"[[322,23401520406,39],[436,23401183031,115],[440,23401215944,52],[101,23401336406,19],[394,23401165703,124],[412,23401147375,34],[13,23401179906,70]]"
174059,321.1370001,354,51.68252563,4.437288851,11582.4,11673.84,4,"[[436,322122485812,78],[322,322122219250,83],[394,322122671078,37],[13,322122435687,104]]"
15846,29.07299995,388,51.09014996,4.175415039,11567.16,11727.18,4,"[[436,30063437781,56],[322,30063303109,67],[394,30063614406,46],[13,30063175875,72]]"
89127,163.095,354,51.63510132,4.91690146,11590.02,11689.08,5,"[[322,164081402937,106],[394,164081643484,76],[436,164081460500,66],[115,164081831593,39],[13,164081500687,79]]"
46055,83.94099998,953,51.55577087,5.484553157000001,11887.2,12039.6,5,"[[436,84925466921,88],[322,84925666171,103],[394,84925641671,114],[115,84925831203,77],[13,84925657515,47]]"
204122,376.154,646,50.67137146,5.5167991239999985,11277.6,11460.48,6,"[[436,377123441562,96],[394,377123523359,82],[322,377123713359,91],[115,377123619937,74],[412,377123772075,38],[13,377123386203,94]]"
81640,149.47900009999995,175,50.93193054,5.200393264,10972.8,11155.68,5,"[[436,150461122531,101],[322,150461314359,125],[394,150461265125,92],[115,150461404156,129],[13,150461026296,128]]"
11358,20.90200019,1023,51.69542216,4.8072052,11285.22,11376.66,4,"[[436,21883238406,89],[322,21883117843,127],[394,21883420500,100],[13,21883265078,48]]"
84415,154.506,175,50.93461893,5.185012817,10972.8,11155.68,5,"[[436,155496218359,121],[322,155496405281,118],[394,155496362031,88],[115,155496501593,103],[13,155496117015,126]]"
222974,410.898,2075,51.37875366,4.269376188,11277.6,11422.38,5,"[[436,411869556781,93],[322,411869352484,149],[394,411869742890,29],[115,411869916875,38],[13,411869395265,105]]"
30055,55.13800001,175,50.88061523,5.490120553,10980.42,11170.92,4,"[[436,56125333156,110],[322,56125608234,78],[394,56125446703,114],[13,56125326906,90]]"
170110,314.0440001,646,50.70529175,5.317011653,11277.6,11460.48,4,"[[436,315018138375,104],[394,315018243328,49],[322,315018365359,57],[13,315018027546,31]]"
147210,270.885,646,50.72862528,5.178146362,11292.84,11475.72,4,"[[436,271867930515,107],[322,271868122625,83],[394,271868048640,68],[13,271867776843,40]]"
146619,269.79500010000004,2075,51.64258537,4.338607788,10965.18,11109.96,5,"[[436,270773186031,123],[394,270773372531,67],[322,270772898593,152],[115,270773557375,50],[13,270773109906,91]]"
11033,20.34500003,1173,50.60449219,6.133695904,11894.82,12024.36,5,"[[436,21327294890,106],[394,21327285562,89],[322,21327664828,87],[238,21327488343,28],[13,21327369203,84]]"
11034,20.34500003,1173,50.60449219,6.133695904,11894.82,12016.74,5,"[[436,21327294890,106],[394,21327285562,89],[322,21327664828,87],[238,21327488343,28],[13,21327369203,84]]"
166243,306.77,1752,50.99258423,5.266682393,10965.18,11132.82,5,"[[436,307751126343,60],[394,307751273609,50],[322,307751336031,108],[115,307751418812,63],[13,307751076640,115]]"
132323,243.4100001,1752,50.95016738,5.4637145999999985,10972.8,11148.06,4,"[[322,244385933921,86],[436,244385663640,126],[394,244385791015,88],[13,244385672375,73]]"
159113,293.335,354,51.67433399,4.522628784,11582.4,11673.84,5,"[[322,294322024328,58],[394,294322440375,71],[436,294322255343,100],[115,294322627187,50],[13,294322218531,72]]"
29499,54.11400008,1023,51.75091242,4.886474609,11285.22,11376.66,4,"[[322,55098670515,124],[436,55098773203,103],[394,55098951640,84],[13,55098827921,57]]"
187069,344.862,354,51.68946347,4.364776611,11590.02,11681.46,4,"[[436,345842908781,71],[322,345842612968,110],[394,345843094375,45],[13,345842848156,90]]"
170005,313.8670001000001,354,51.68041992,4.459409971,11582.4,11673.84,5,"[[436,314853190156,111],[115,314853562000,58],[322,314852932765,121],[394,314853375390,62],[13,314853143437,82]]"
6856,12.57000017,175,50.85715601,5.621185303,10988.04,11178.54,5,"[[436,13548863031,108],[322,13549169671,92],[394,13548958234,110],[115,13549078484,73],[13,13548891578,68]]"
14467,26.66400003,388,51.08898926,4.1819309539999985,11567.16,11727.18,4,"[[436,27648531015,43],[322,27648398453,134],[394,27648707750,61],[13,27648269265,134]]"
123967,227.786,354,51.65492249,4.721003352,11582.4,11681.46,4,"[[436,228762068734,73],[322,228761924312,121],[394,228762252906,81],[13,228762067578,91]]"
31842,58.36400008,354,51.57997261,5.23109436,11590.02,11696.7,4,"[[322,59340128687,114],[436,59340039468,125],[394,59340220187,58],[13,59340155703,62]]"
93501,171.05200000000005,175,50.94355774,5.134104136,10972.8,11155.68,4,"[[436,172041467812,93],[322,172041638578,93],[394,172041615046,88],[13,172041349546,133]]"
145255,267.316,1752,50.96617126,5.389462032999999,10972.8,11148.06,4,"[[436,268290834609,115],[322,268291083171,99],[394,268290970390,91],[13,268290822031,95]]"
12847,23.61400008,354,51.56130516,5.335845947,11582.4,11689.08,4,"[[436,24589358546,121],[322,24589496343,61],[394,24589538046,61],[13,24589503750,58]]"
133154,244.8300002,1752,50.95111084,5.459314295,10965.18,11140.44,5,"[[436,245815626843,125],[394,245815754656,61],[322,245815895859,46],[115,245815892265,62],[13,245815634312,59]]"
85350,156.2080002,1752,50.89054871,5.734120962,10972.8,11148.06,4,"[[436,157194930546,93],[322,157195265750,89],[394,157195015734,133],[13,157195004312,82]]"
85351,156.2080002,1752,50.89054871,5.734120962,10972.8,11155.68,4,"[[436,157194930546,93],[322,157195265750,89],[394,157195015734,133],[13,157195004312,82]]"
123009,225.997,354,51.65436308,4.726715088,11582.4,11681.46,4,"[[322,226981821359,127],[436,226981963328,102],[394,226982147531,79],[13,226981963296,88]]"
12093,22.24100018,1173,50.60344631,6.139798551,11894.82,12016.74,5,"[[322,23228412562,83],[440,23228235044,34],[436,23228042015,62],[394,23228031625,81],[13,23228117062,84]]"
22671,41.57800007,175,50.87319946,5.5319131389999985,10988.04,11178.54,4,"[[436,42564424687,69],[322,42564710343,79],[394,42564532796,86],[13,42564430031,104]]"
32741,59.97200012,175,50.88327026,5.475348395,10980.42,11170.92,5,"[[436,60949598187,137],[394,60949713625,130],[322,60949869484,92],[115,60949841671,84],[13,60949587765,89]]"
139461,256.5050001,1752,50.9589192,5.422973633,10965.18,11140.44,4,"[[436,257490726312,131],[322,257490984750,85],[394,257490858406,103],[13,257490723421,107]]"
49373,89.81700015,397,51.19028382,4.1797637939999985,11498.58,11628.12,5,"[[436,90799801203,64],[322,90799638171,89],[394,90799982140,29],[115,90800146062,64],[13,90799570375,77]]"
249359,458.224,175,51.11677551,4.268856564,10980.42,11148.06,5,"[[436,459201478343,62],[322,459201358937,113],[394,459201655703,43],[115,459201815328,83],[13,459201229515,134]]"
22885,41.9690001,646,50.85082491,4.43321228,11269.98,11445.24,5,"[[436,42956843250,98],[322,42956827234,64],[394,42957002531,54],[412,42957289348,29],[13,42956524703,156]]"
162501,299.7950001000001,2075,51.58666992,4.323936669,10972.8,11117.58,4,"[[436,300768266812,97],[322,300767996921,136],[394,300768453953,36],[13,300768173921,76]]"
113957,209.6340001,175,50.96411133,5.016223804,10980.42,11163.3,5,"[[436,210617075703,121],[322,210617207781,112],[115,210617374593,79],[394,210617230078,83],[13,210616918531,147]]"
226636,417.4190001,1752,51.06557038,4.924468994,10972.8,11140.44,5,"[[436,418392058312,88],[322,418392147359,82],[394,418392225421,60],[115,418392379984,47],[13,418391908265,78]]"
148191,272.7090001,2075,51.63720703,4.337224187,10965.18,11109.96,4,"[[436,273692976546,93],[322,273692690750,102],[394,273693163125,69],[13,273692898843,98]]"
116927,214.941,354,51.65101132,4.760284424,11582.4,11681.46,4,"[[436,215921575750,107],[322,215921448453,101],[394,215921759750,79],[13,215921582281,85]]"
56275,102.194,354,51.60292053,5.101813239,11597.64,11704.32,4,"[[436,103170213812,67],[394,103170395671,67],[322,103170241359,125],[13,103170295984,54]]"
122866,225.7260001,175,50.97267151,4.967008024,10972.8,11155.68,5,"[[436,226707440250,121],[322,226707556000,109],[394,226707597156,82],[115,226707742906,101],[13,226707267593,129]]"
21679,39.73699999,953,51.6043396,5.345665184,11887.2,12039.6,4,"[[436,40713711296,76],[394,40713887359,91],[322,40713839375,99],[13,40713864453,62]]"
21680,39.73699999,953,51.6043396,5.345665184,11887.2,12031.98,4,"[[436,40713711296,76],[394,40713887359,91],[322,40713839375,99],[13,40713864453,62]]"
13108,24.071000100000006,354,51.56153792,5.33454895,11582.4,11689.08,4,"[[436,25059329937,118],[322,25059467046,101],[394,25059509390,70],[13,25059474703,60]]"
17198,31.57200003,1752,50.80836926,6.122436522999999,10965.18,11148.06,6,"[[322,32554507062,53],[463,32554411352,17],[436,32554116781,76],[440,32554416918,35],[394,32554119765,114],[13,32554248734,70]]"
80564,147.559,354,51.62726968,4.962768555,11582.4,11681.46,4,"[[436,148541525984,127],[394,148541708718,77],[322,148541490062,118],[13,148541576359,67]]"
54830,99.66400003,175,50.90491861,5.353546143,10972.8,11155.68,5,"[[436,100640259890,73],[322,100640497765,69],[394,100640389000,90],[412,100640737525,29],[13,100640213078,87]]"
97074,177.582,354,51.64030431,4.872970581000001,11574.78,11673.84,5,"[[436,178571302171,111],[322,178571224875,119],[394,178571485531,74],[115,178571673437,62],[13,178571332703,72]]"
6144,11.26100016,1173,50.60939026,6.104423121,11894.82,12016.74,8,"[[320,12244435921,23],[322,12243720421,51],[440,12243558920,52],[436,12243353671,94],[394,12243349156,108],[115,12243395421,81],[238,12243553906,44],[13,12243423890,61]]"
18626,34.16400003,354,51.56703186,5.303724133999999,11582.4,11689.08,4,"[[436,35129768640,78],[322,35129891781,103],[394,35129948546,83],[13,35129904921,71]]"
157279,289.684,175,51.00622559,4.772074931000001,10965.18,11140.44,5,"[[322,290668528953,43],[436,290668479109,122],[394,290668643984,84],[115,290668794125,80],[13,290668254750,198]]"
22060,40.44500017,175,50.8725648,5.53527832,10988.04,11178.54,5,"[[436,41429661734,141],[322,41429948218,73],[115,41429894343,38],[394,41429769375,127],[13,41429667968,108]]"
65099,118.217,1752,50.8644104,5.8525209170000005,10965.18,11140.44,4,"[[436,119194645859,129],[394,119194707578,115],[322,119195002109,89],[13,119194741281,71]]"
52361,95.18799996,354,51.59966420000001,5.120010376000001,11597.64,11704.32,5,"[[436,96169969609,86],[322,96170007031,96],[394,96170151281,67],[115,96170339656,49],[13,96170056984,63]]"
199122,366.9720001,646,50.67639367,5.487365723,11277.6,11460.48,4,"[[436,367958396515,49],[322,367958662093,66],[394,367958482046,97],[13,367958333468,91]]"
137528,252.8760002,354,51.66218386,4.648361206000001,11590.02,11681.46,5,"[[436,253861999234,85],[394,253862183828,49],[322,253861821437,63],[115,253862370984,54],[13,253861983687,100]]"
151983,279.688,175,51.00104898,4.802246094,10965.18,11140.44,4,"[[436,280668446203,106],[322,280668506312,114],[394,280668609953,72],[13,280668228375,144]]"
195347,360.0900002,175,51.04285289,4.557266235,10972.8,11148.06,5,"[[436,361074485156,98],[322,361074463328,62],[394,361074656031,36],[412,361075008475,45],[13,361074234312,140]]"
49889,90.75999999,1752,50.84674072,5.938110352000001,10965.18,11148.06,4,"[[436,91729461453,107],[322,91729830546,66],[394,91729505046,87],[13,91729570437,51]]"
169310,312.5610001,1752,50.99642944,5.248718262,10965.18,11132.82,5,"[[436,313531173765,43],[394,313531322531,56],[322,313531377625,89],[115,313531468343,82],[13,313531118609,84]]"
222040,409.244,646,50.65306091,5.623337595,11285.22,11468.1,5,"[[436,410223605234,86],[394,410223672859,115],[412,410223913950,39],[322,410223898234,91],[13,410223576125,69]]"
29462,54.04900002,953,51.58872443,5.3905487060000015,11887.2,12039.6,4,"[[436,55020088671,99],[322,55020239875,95],[394,55020264390,79],[13,55020253593,55]]"
235466,433.24,1752,51.07585842,4.875717163,10965.18,11132.82,4,"[[436,434222410578,111],[322,434222481562,95],[394,434222579484,50],[13,434222248843,93]]"
213279,393.086,354,51.70358276,4.217116897,11597.64,11689.08,4,"[[436,394063882390,90],[322,394063533625,92],[394,394064068375,37],[13,394063802718,78]]"
12613,23.22000003,175,50.86312866,5.5882551860000005,10988.04,11178.54,6,"[[322,24204403953,90],[436,24204104781,80],[440,24204541269,22],[394,24204204937,111],[115,24204327031,71],[13,24204125015,106]]"
34291,62.82000017,175,50.88487244,5.466440562000001,10980.42,11170.92,5,"[[436,63804762343,116],[322,63805031281,95],[394,63804878796,130],[115,63805007296,82],[13,63804749359,100]]"
248445,456.5900002,1605,50.77731892,5.897369385,10363.2,10477.5,5,"[[322,457566144984,70],[394,457565834187,81],[436,457565790687,128],[115,457565928625,67],[13,457565866515,90]]"
192740,355.2050002,646,50.68286443,5.449371338,11277.6,11460.48,5,"[[436,356183338750,122],[394,356183428906,88],[322,356183596156,58],[115,356183529953,53],[13,356183265578,61]]"
131835,242.5,1752,50.9495622,5.466461182000001,10972.8,11148.06,4,"[[436,243480615781,114],[394,243480742734,97],[322,243480886812,87],[13,243480625218,83]]"
14434,26.58700013,175,50.86502334,5.577774047999999,10988.04,11178.54,5,"[[436,27569045109,90],[115,27569269421,74],[322,27569341812,104],[394,27569146750,89],[13,27569062656,110]]"
48336,87.96800017,1023,51.80733374,4.96711731,11285.22,11376.66,4,"[[322,88944518187,100],[436,88944602281,69],[394,88944775781,22],[13,88944683484,56]]"
138186,254.0970001,354,51.66278904,4.6421051030000005,11590.02,11681.46,5,"[[322,255081667125,109],[436,255081846578,80],[394,255082031156,66],[13,255081830437,84],[115,255082218343,61]]"
232223,427.427,646,50.64301572,5.681861671,11277.6,11460.48,6,"[[436,428398695640,104],[115,428398839156,68],[322,428398999390,91],[394,428398755015,100],[412,428398991448,54],[13,428398680046,84]]"
14154,26.05299997,953,51.61949546,5.302200317,11887.2,12031.98,5,"[[322,27037515156,126],[436,27037409218,110],[394,27037585562,70],[115,27037775656,59],[13,27037551500,54]]"
64710,117.5340002,354,51.61148071,5.053339778,11597.64,11696.7,4,"[[436,118510327843,105],[322,118510333953,80],[394,118510510140,66],[13,118510398937,79]]"
64711,117.5340002,354,51.61148071,5.053339778,11597.64,11704.32,4,"[[436,118510327843,105],[322,118510333953,80],[394,118510510140,66],[13,118510398937,79]]"
133929,246.3500001,175,50.98356628,4.904207797,10972.8,11155.68,4,"[[436,247332729359,72],[322,247332823921,78],[394,247332889093,61],[13,247332537765,143]]"
170527,314.8330002,354,51.6806651,4.456863403,11582.4,11673.84,4,"[[436,315812944578,97],[322,315812686015,133],[394,315813129812,59],[13,315812897453,84]]"
128051,235.3150001,1749,50.54067993,5.400575337,10972.8,11102.34,5,"[[436,236296944750,127],[322,236297187281,91],[394,236297023968,100],[412,236297208250,3],[13,236296833218,101]]"
118452,217.7840002,1752,50.93294305,5.543136597,10972.8,11148.06,5,"[[436,218765403421,111],[322,218765695187,73],[115,218765653718,57],[394,218765520250,103],[13,218765433453,98]]"
159990,295.072,1749,50.60527039,5.242502313,10972.8,11094.72,4,"[[436,296056473578,121],[322,296056682625,79],[394,296056573125,102],[13,296056324375,101]]"
204277,376.4320002,1752,51.03868103,5.051112819,10965.18,11132.82,4,"[[436,377411744562,112],[322,377411879578,109],[394,377411905984,38],[13,377411629015,120]]"
208997,385.1880000000001,175,51.05635071,4.481382628,10972.8,11148.06,5,"[[322,386174863578,123],[436,386174910359,71],[115,386175238140,75],[394,386175083000,32],[13,386174656375,88]]"
169431,312.7880001000001,354,51.68005992,4.462738037,11582.4,11673.84,4,"[[322,313772972281,133],[436,313773228281,99],[394,313773413500,60],[13,313773182062,64]]"
17287,31.75400019,953,51.61317444,5.320426322,11887.2,12031.98,4,"[[322,32733059015,109],[394,32733120125,71],[436,32732943937,85],[13,32733090718,59]]"
17288,31.75400019,953,51.61317444,5.320426322,11887.2,12039.6,4,"[[322,32733059015,109],[394,32733120125,71],[436,32732943937,85],[13,32733090718,59]]"
59327,107.687,1752,50.8576355,5.8853314370000005,10972.8,11155.68,5,"[[322,108670206203,80],[436,108669844796,108],[394,108669899656,109],[115,108670009500,46],[13,108669945671,73]]"
180745,333.3010001,175,51.02898032,4.638824463,10972.8,11148.06,5,"[[436,334269136390,94],[394,334269305281,65],[322,334269141515,111],[115,334269457812,96],[13,334268892046,190]]"
139950,257.3660002,175,50.98936437,4.870300293000001,10972.8,11148.06,4,"[[436,258347855062,127],[322,258347938218,93],[394,258348016234,103],[13,258347654125,137]]"
139951,257.3660002,175,50.98936437,4.870300293000001,10972.8,11155.68,4,"[[436,258347855062,127],[322,258347938218,93],[394,258348016234,103],[13,258347654125,137]]"
40193,73.53200006,1752,50.83557129,5.992076977000001,10972.8,11155.68,4,"[[436,74514325734,116],[394,74514357625,85],[322,74514701781,80],[13,74514442234,51]]"
196997,363.0910001,646,50.67853507,5.474777222,11277.6,11460.48,5,"[[436,364072877453,109],[322,364073140359,75],[394,364072964437,94],[115,364073063843,68],[13,364072811109,65]]"
238844,439.289,646,50.63640529999999,5.72031382,11277.6,11460.48,6,"[[436,440268754890,104],[322,440269065359,52],[412,440269042073,5],[394,440268808703,88],[115,440268889625,81],[13,440268747703,123]]"
41613,75.99500012,953,51.56442416,5.459976196,11887.2,12039.6,5,"[[436,76972242953,83],[322,76972429390,99],[394,76972418000,107],[115,76972607609,71],[13,76972426578,39]]"
165485,305.3740001,646,50.70995783,5.289230347,11277.6,11460.48,5,"[[436,306363096515,146],[322,306363316703,87],[394,306363204250,86],[412,306363466002,65],[13,306362977375,106]]"
127736,234.7520001,354,51.65693665,4.700960726,11582.4,11673.84,4,"[[322,235732002718,139],[436,235732156359,56],[394,235732340734,69],[13,235732151187,94]]"
109286,200.957,354,51.6469574,4.802064638,11582.4,11681.46,4,"[[436,201931721812,84],[322,201931613187,110],[394,201931905546,81],[13,201931737046,93]]"
158228,291.5310001,646,50.71746826,5.244635505,11285.22,11468.1,4,"[[436,292518684093,111],[322,292518893218,61],[394,292518796187,61],[13,292518551328,88]]"
29520,54.14499998,175,50.88006592,5.493164062999999,10988.04,11178.54,4,"[[322,55129776765,86],[436,55129500859,68],[394,55129614031,106],[13,55129495453,90]]"
129007,237.2350001,1752,50.94607544,5.482623126,10972.8,11148.06,5,"[[436,238220830109,94],[322,238221105734,83],[115,238221091609,38],[394,238220955078,94],[13,238220844140,76]]"
263841,484.1700001,1605,50.79393807,5.809631348,10363.2,10477.5,4,"[[436,485150919765,124],[322,485151260218,74],[394,485150979656,81],[13,485150979562,67]]"
219191,404.056,646,50.65594482,5.606568989,11285.22,11468.1,6,"[[436,405043579468,75],[322,405043869343,97],[440,405043914727,34],[115,405043739546,51],[394,405043649437,109],[13,405043546500,43]]"
247961,455.789,1752,51.09052238,4.806137085,10965.18,11132.82,4,"[[436,456772574421,60],[322,456772619671,120],[394,456772745609,55],[13,456772398265,112]]"
107688,198.0670002,354,51.64579747,4.814147949,11590.02,11689.08,5,"[[436,199041297656,83],[322,199041192921,121],[115,199041669093,56],[394,199041481343,72],[13,199041314718,72]]"
65252,118.47,175,50.9151601,5.29586792,10972.8,11155.68,5,"[[436,119440565468,96],[322,119440786390,59],[394,119440700062,103],[115,119440835734,72],[13,119440500343,92]]"
16870,30.94900012,1023,51.71232062,4.831314087,11285.22,11376.66,5,"[[436,31919139484,133],[394,31919320515,81],[115,31919510046,45],[322,31919024171,114],[13,31919174781,51]]"
142160,261.46,1752,50.96228027,5.4075003960000005,10965.18,11140.44,5,"[[436,262445807828,131],[394,262445941656,80],[322,262446061750,63],[115,262446081453,88],[13,262445800546,87]]"
199315,367.348,354,51.69612122,4.295357369,11597.64,11689.08,4,"[[322,368333123765,122],[394,368333631421,42],[436,368333445687,107],[13,368333375859,51]]"
172663,318.6600001,175,51.02139231,4.683303833,10972.8,11148.06,4,"[[436,319643820078,115],[322,319643840109,56],[394,319643987734,48],[13,319643581031,132]]"
181548,334.8170002,354,51.68657723,4.395446777,11582.4,11673.84,5,"[[436,335793344828,106],[322,335793061296,132],[394,335793530265,42],[115,335793716750,44],[13,335793288640,81]]"
178025,328.3530002,1752,51.00700378,5.199725177,10972.8,11140.44,4,"[[436,329341301218,100],[322,329341488515,89],[394,329341453625,48],[13,329341230828,94]]"
144279,265.4960001,354,51.66622925,4.607131546000001,11590.02,11681.46,4,"[[436,266482160750,106],[322,266481966156,120],[394,266482345453,57],[13,266482138375,105]]"
223018,410.971,1752,51.06138611,4.9442930480000005,10965.18,11132.82,4,"[[322,411947111921,87],[436,411947015593,124],[394,411947181921,43],[13,411946870593,120]]"
55163,100.22,175,50.90515137,5.3519749,10972.8,11155.68,5,"[[322,101205617890,91],[436,101205380531,118],[115,101205643296,89],[394,101205509796,81],[13,101205333187,114]]"
140222,257.8740001,354,51.66394043,4.630514609,11590.02,11681.46,4,"[[322,258842355937,123],[436,258842540406,99],[394,258842725000,64],[13,258842522140,87]]"
149640,275.40300010000004,175,50.99880981,4.815426388000001,10972.8,11155.68,4,"[[436,276388163609,121],[322,276388228218,113],[394,276388326984,76],[13,276387948875,168]]"
56504,102.6000001,354,51.60369873,5.097507786,11597.64,11696.7,4,"[[436,103580185296,70],[322,103580212343,39],[394,103580367203,41],[13,103580267203,68]]"
124725,229.207,1752,50.94062417,5.5077362060000015,10965.18,11140.44,5,"[[436,230195492031,130],[322,230195774468,77],[394,230195613625,46],[13,230195512781,74],[115,230195748968,61]]"
30724,56.34899998,354,51.57894846,5.2368927,11590.02,11696.7,4,"[[436,57319848500,116],[322,57319940531,107],[394,57320029187,53],[13,57319966312,76]]"
31565,57.88900018,354,51.57975769,5.232461465,11590.02,11696.7,4,"[[436,58859939000,107],[394,58860119671,43],[322,58860028875,65],[13,58860055546,91]]"
115008,211.517,354,51.65002441,4.770590292,11582.4,11681.46,4,"[[436,212501713562,43],[322,212501590875,50],[394,212501897515,69],[13,212501722171,94]]"
154983,285.2280002,1749,50.59469449,5.268538192,10972.8,11102.34,5,"[[436,286206638187,118],[322,286206853093,75],[115,286206831250,79],[394,286206734515,102],[13,286206495515,93]]"
97410,178.19099999999997,1752,50.90583801,5.665827571,10972.8,11148.06,5,"[[436,179175098218,95],[322,179175419312,88],[394,179175195718,106],[115,179175322171,128],[13,179175157609,69]]"
44622,81.40499997,175,50.89503479,5.409356195,10972.8,11155.68,5,"[[436,82369953484,93],[322,82370207140,80],[394,82370076703,65],[115,82370207718,87],[13,82369923781,92]]"
149519,275.19900010000003,1749,50.58384782,5.295038997,10972.8,11102.34,5,"[[436,276176645328,112],[115,276176832718,84],[394,276176738265,107],[322,276176866140,149],[13,276176509250,109]]"
172969,319.21,175,51.02165222,4.681808884,10972.8,11148.06,5,"[[436,320189050187,114],[322,320189069671,134],[394,320189217875,77],[115,320189369687,94],[13,320188810906,176]]"
55772,101.325,175,50.9058031,5.34828186,10972.8,11155.68,5,"[[436,102290316140,126],[322,102290552531,98],[115,102290579437,87],[394,102290445750,95],[13,102290267750,102]]"
244201,449.0310001,1752,51.08615112,4.827006572,10965.18,11132.82,4,"[[436,450007266421,88],[322,450007319390,84],[394,450007436890,60],[13,450007094343,73]]"
27982,51.39900017,354,51.57632446,5.25168754,11582.4,11689.08,4,"[[322,52369990484,65],[436,52369891546,139],[394,52370072031,60],[13,52370013390,73]]"
167451,309.0550001000001,2075,51.56931214,4.319381714,10972.8,11117.58,4,"[[436,310023680609,67],[322,310023416265,130],[394,310023867812,22],[13,310023582406,90]]"
19011,34.87100005,2100,50.56960284,4.764503273,9677.4,9822.18,4,"[[394,35841538578,83],[436,35841413640,58],[322,35841514156,92],[13,35841136828,102]]"
262393,481.6360002,1605,50.79244995,5.81755767,10355.58,10469.88,5,"[[436,482615968546,79],[322,482616310359,78],[394,482616027000,99],[115,482616128656,57],[13,482616029984,26]]"
59577,108.092,953,51.52885825,5.56098938,11887.2,12039.6,5,"[[436,109080361000,83],[394,109080534562,70],[322,109080598828,120],[115,109080723890,53],[13,109080573406,43]]"
238870,439.3380001,1752,51.07983398,4.856922047,10965.18,11132.82,4,"[[436,440317186421,105],[322,440317250515,97],[394,440317356015,33],[13,440317020640,115]]"
83863,153.52700019999997,175,50.93410686,5.188140869,10972.8,11155.68,5,"[[436,154501142203,122],[322,154501330125,124],[115,154501425156,75],[394,154501285687,85],[13,154501041859,127]]"
146168,268.9950001,175,50.9953696,4.835205078,10972.8,11155.68,5,"[[322,269973105546,84],[412,269973549450,21],[436,269973034375,91],[394,269973196921,53],[13,269972824250,125]]"
193748,357.0970001,1752,51.02600098,5.1108551030000005,10972.8,11140.44,4,"[[436,358076514125,100],[322,358076670500,67],[394,358076672281,28],[13,358076416421,126]]"
37507,68.59700012,354,51.58547974,5.2002448,11590.02,11696.7,4,"[[436,69579890437,98],[322,69579965312,76],[394,69580071500,61],[13,69579998437,57]]"
50758,92.29700017,397,51.19175720000001,4.172726193,11483.34,11620.5,4,"[[322,93279471921,84],[436,93279637390,42],[394,93279818453,16],[13,93279406500,29]]"
225022,414.4980001,1752,51.06366174,4.93347168,10965.18,11132.82,4,"[[436,415482001843,103],[322,415482094140,88],[394,415482168562,62],[13,415481854078,80]]"
153005,281.618,175,51.00205994,4.796497242,10965.18,11148.06,4,"[[436,282588263500,122],[322,282588321703,110],[394,282588427453,85],[13,282588044359,121]]"
182359,336.2350001000001,354,51.68701172,4.390893885,11590.02,11681.46,4,"[[436,337223076203,60],[322,337222790875,43],[394,337223261687,37],[13,337223019406,91]]"
153325,282.1790001,175,51.00230589,4.794921875,10965.18,11148.06,4,"[[322,283153358484,70],[436,283153300921,76],[394,283153464937,44],[13,283153081390,109]]"
243253,447.3700001,1752,51.08512232,4.831924438,10972.8,11140.44,5,"[[436,448357253468,102],[322,448357308328,110],[394,448357423796,46],[115,448357580296,46],[13,448357082421,118]]"
18492,33.88700008,869,50.73596191,5.108271418,10972.8,11148.06,4,"[[436,34868459343,109],[322,34868633343,71],[394,34868582875,109],[13,34868282281,109]]"
130869,240.694,354,51.65881348,4.682180044,11582.4,11681.46,4,"[[436,241681678609,61],[322,241681516968,133],[394,241681863062,69],[13,241681670031,85]]"
227696,419.336,1752,51.06687384,4.918289185,10972.8,11140.44,4,"[[322,420322384687,92],[436,420322297796,112],[394,420322465218,71],[13,420322146359,81]]"
173599,320.3470001,175,51.02223025,4.678421021,10972.8,11148.06,5,"[[436,321313847031,92],[322,321313865406,122],[394,321314014796,80],[115,321314166718,83],[13,321313607250,171]]"
239560,440.632,1605,50.76768494,5.948057432000001,10363.2,10485.12,5,"[[322,441606087187,64],[436,441605725687,134],[115,441605848750,57],[394,441605759343,105],[13,441605809859,61]]"
27053,49.67900014,869,50.71343994,5.07590629,10995.66,11178.54,5,"[[436,50668534890,95],[322,50668701546,59],[394,50668657875,127],[412,50668915100,26],[13,50668344109,111]]"
41894,76.5,175,50.8923495,5.424346924,10972.8,11163.3,5,"[[436,77484953171,122],[394,77485074609,69],[115,77485205000,94],[322,77485210921,83],[13,77484927921,95]]"
83757,153.3240001,354,51.63015592,4.946212769,11582.4,11681.46,5,"[[436,154291552671,124],[322,154291508796,118],[394,154291735578,72],[115,154291923687,51],[13,154291599281,38]]"
112724,207.355,354,51.64883423,4.782764332,11582.4,11681.46,5,"[[436,208331616671,109],[394,208331800578,65],[322,208331499593,45],[115,208331988171,83],[13,208331627921,103]]"
57308,104.026,354,51.60436598,5.093688965,11597.64,11704.32,4,"[[436,105000421828,84],[322,105000446875,116],[394,105000603765,63],[13,105000502656,50]]"
111071,204.2870002,1752,50.92372571,5.584945679,10972.8,11148.06,6,"[[238,205260658265,29],[394,205260428593,94],[322,205260620281,84],[115,205260559875,89],[436,205260317968,148],[13,205260358500,106]]"
147339,271.161,354,51.66787720000001,4.590206662,11590.02,11681.46,5,"[[436,272132445140,84],[322,272132243140,130],[394,272132629875,62],[115,272132816937,58],[13,272132419718,101]]"
152578,280.8210001,1752,50.97523499,5.347595215,10972.8,11140.44,5,"[[322,281801154484,85],[394,281801058921,75],[436,281800918843,77],[115,281801201187,65],[13,281800893812,56]]"
13433,24.7190001,869,50.74906171,5.126953125,10965.18,11140.44,4,"[[436,25688439093,135],[322,25688617515,103],[394,25688562984,129],[13,25688270562,105]]"
33292,60.99300003,953,51.58099365,5.4126224,11887.2,12039.6,5,"[[322,61973420171,116],[436,61973257843,97],[115,61973623156,49],[394,61973433312,85],[13,61973428531,55]]"
132042,242.90600010000003,175,50.98177635,4.914550781,10980.42,11163.3,5,"[[436,243892601218,122],[322,243892699265,120],[115,243892907531,83],[394,243892760546,92],[13,243892412656,154]]"
94098,172.11900000000003,175,50.94410706,5.131060626,10972.8,11155.68,5,"[[436,173096467640,91],[322,173096637421,86],[115,173096756453,84],[394,173096615203,88],[13,173096348406,122]]"
217817,401.4920001,1752,51.0552063,4.973614667,10972.8,11140.44,4,"[[436,402466875312,58],[394,402467040390,39],[322,402466982359,90],[13,402466738046,114]]"
208755,384.76,354,51.70119463,4.241867065,11597.64,11689.08,4,"[[322,385743740234,94],[436,385744080828,104],[394,385744266562,28],[13,385744004187,87]]"
223832,412.3600001,1752,51.06230164,4.939987595,10965.18,11132.82,4,"[[322,413347061015,97],[436,413346966265,107],[394,413347132765,43],[13,413346820203,82]]"
43922,80.16600013,354,51.59170532,5.164910394,11597.64,11704.32,5,"[[436,81149754968,87],[322,81149813500,83],[394,81149936312,48],[115,81150124796,43],[13,81149853859,59]]"
16920,31.04900002,354,51.56533813,5.313374287,11582.4,11689.08,4,"[[436,32029194156,90],[322,32029321515,110],[394,32029373906,85],[13,32029333000,84]]"
52369,95.21300006,175,50.90249634,5.367043985,10972.8,11155.68,6,"[[436,96192231250,67],[440,96192708773,19],[322,96192473015,89],[115,96192491796,61],[394,96192358906,53],[13,96192188578,115]]"
94099,172.11900000000003,1752,50.9016134,5.684738159,10972.8,11148.06,5,"[[436,173105237390,79],[322,173105562578,99],[115,173105456843,69],[394,173105331593,111],[13,173105300890,88]]"
144755,266.3970001,1752,50.96557617,5.392282847000001,10972.8,11148.06,5,"[[322,267381054093,87],[436,267380804750,115],[115,267381080656,97],[394,267380940203,90],[13,267380792953,95]]"
137904,253.57800010000003,1749,50.56043205,5.352271827,10972.8,11102.34,6,"[[436,254566688687,128],[322,254566921500,64],[394,254566774328,84],[412,254566968025,42],[115,254566863406,56],[13,254566566250,55]]"
125987,231.579,1749,50.5365042,5.410618137999999,10972.8,11102.34,4,"[[436,232566795343,95],[322,232567039765,91],[394,232566873203,89],[13,232566685984,97]]"
155437,286.089,354,51.67219259,4.544754028,11590.02,11681.46,5,"[[436,287062776781,97],[322,287062555234,107],[394,287062961718,72],[115,287063148625,50],[13,287062743625,55]]"
1985,3.677999973,869,50.77903748,5.169958166,10957.56,11132.82,5,"[[322,4658517265,93],[394,4658453328,133],[436,4658328515,103],[412,4658740920,36],[13,4658180593,113]]"
60709,110.1040001,175,50.91059875,5.321317106,10972.8,11155.68,5,"[[436,111085465734,74],[322,111085694250,94],[394,111085597968,115],[115,111085732687,80],[13,111085408828,98]]"
133364,245.237,1752,50.95137774,5.458068848,10965.18,11140.44,4,"[[436,246220893109,131],[322,246221161718,81],[394,246221021109,82],[13,246220900203,70]]"
138919,255.49500010000003,1752,50.95825195,5.426132615,10965.18,11140.44,5,"[[436,256470974953,102],[322,256471234296,94],[394,256471106656,93],[115,256471245703,78],[13,256470972968,79]]"
117512,216.056,1749,50.51946608,5.451891099999999,10972.8,11102.34,5,"[[436,217027455015,72],[322,217027707187,109],[394,217027527328,110],[115,217027606546,84],[13,217027354406,106]]"
185678,342.25699999999995,1752,51.01622501,5.15663147,10965.18,11132.82,4,"[[436,343241416781,48],[394,343241572187,73],[322,343241589265,73],[13,343241333125,126]]"
56340,102.296,175,50.90636173,5.3452301030000005,10972.8,11155.68,4,"[[436,103285336296,117],[394,103285466156,91],[322,103285571843,91],[13,103285286875,113]]"
84933,155.4520001,175,50.93513489,5.182280669,10972.8,11155.68,5,"[[436,156441174109,83],[322,156441360140,122],[394,156441318125,98],[115,156441457703,123],[13,156441071875,90]]"
47193,85.94300008,1752,50.84358215,5.953402132999999,10965.18,11148.06,4,"[[436,86919681296,124],[322,86920052359,66],[394,86919721656,107],[13,86919792484,59]]"
111240,204.5970001,175,50.96147957,5.031509399,10972.8,11155.68,6,"[[436,205581993671,116],[322,205582130859,51],[394,205582147203,75],[412,205582499125,55],[115,205582291296,108],[13,205581841500,129]]"
172598,318.5480001,2075,51.55155945,4.314657675,10972.8,11117.58,4,"[[436,319528481750,85],[322,319528223125,121],[394,319528669078,70],[13,319528378000,82]]"
172673,318.6790001,354,51.68179321,4.445157438,11582.4,11673.84,5,"[[394,319653391953,49],[436,319653206718,71],[322,319652943187,137],[115,319653578531,49],[13,319653157734,90]]"
197757,364.517,646,50.67779024,5.479278564,11277.6,11460.48,4,"[[322,365493648343,67],[436,365493384343,85],[394,365493470890,74],[13,365493319296,40]]"
4478,8.310000181,354,51.55307007,5.381890374,11582.4,11689.08,5,"[[436,9299268281,146],[322,9299427218,104],[394,9299447062,87],[238,9299636328,48],[13,9299426625,47]]"
150113,276.29,354,51.66938782,4.574617953,11590.02,11681.46,5,"[[436,277272790734,86],[322,277272581984,144],[394,277272975562,59],[115,277273162562,61],[13,277272762687,85]]"
109171,200.75,646,50.7664032,4.9513450830000005,11292.84,11475.72,4,"[[322,201728222906,78],[436,201728091984,81],[394,201728227437,99],[13,201727863828,144]]"
109172,200.75,646,50.7664032,4.9513450830000005,11292.84,11468.1,4,"[[322,201728222906,78],[436,201728091984,81],[394,201728227437,99],[13,201727863828,144]]"
50432,91.75600004,953,51.54689026,5.509866251,11887.2,12039.6,6,"[[436,92741457734,71],[394,92741632109,109],[322,92741669515,121],[238,92741819953,33],[115,92741821625,60],[13,92741655328,79]]"
47836,87.08300018,354,51.59536743,5.1444223760000005,11597.64,11704.32,5,"[[436,88069762718,89],[322,88069811484,120],[394,88069944187,64],[115,88070132640,33],[13,88069856250,33]]"
203757,375.4690001,1752,51.03813171,5.053933633,10965.18,11132.82,4,"[[436,376451717421,111],[322,376451853515,82],[394,376451878703,29],[13,376451602765,140]]"
124699,229.15000010000003,175,50.97446765,4.956665039,10972.8,11155.68,5,"[[322,230132585765,93],[436,230132473531,93],[394,230132630890,63],[115,230132776906,37],[13,230132297578,102]]"
156751,288.6440001,175,51.00572205,4.775118441,10965.18,11140.44,5,"[[436,289633339343,124],[322,289633390328,119],[394,289633504156,76],[115,289633654140,97],[13,289633115718,166]]"
171458,316.5010002,646,50.7039526,5.324859619,11277.6,11460.48,5,"[[436,317473150234,110],[322,317473379125,64],[115,317473362750,45],[394,317473254328,113],[13,317473041812,112]]"
141717,260.6290002,1752,50.96168518,5.410246977999999,10965.18,11140.44,5,"[[322,261595993921,39],[394,261595872671,64],[115,261596012453,51],[436,261595739187,126],[13,261595732687,98]]"
78910,144.503,354,51.6255938,4.972305298,11590.02,11689.08,4,"[[322,145491072703,114],[436,145491104421,115],[394,145491287078,68],[13,145491156750,78]]"
183517,338.3560002,175,51.03158569,4.623611038,10972.8,11148.06,5,"[[322,339334216937,130],[436,339334216953,94],[394,339334386296,149],[115,339334539046,79],[13,339333971156,122]]"
157953,291.0010002,1752,50.98205566,5.315898174,10972.8,11140.44,4,"[[436,291971235406,96],[394,291971378578,77],[322,291971461078,108],[13,291971200828,115]]"
9146,16.77400017,621,51.39518738,4.374043233,7879.08,7947.66,4,"[[436,17763261203,119],[322,17763079562,132],[394,17763447921,20],[13,17763118859,88]]"
158759,292.5900002,646,50.71689412,5.2480316160000005,11285.22,11468.1,5,"[[394,293563146546,62],[115,293563258937,42],[436,293563034750,123],[322,293563244703,60],[13,293562903062,93]]"
187114,344.9369999999999,175,51.03497314,4.60349418,10972.8,11148.06,5,"[[436,345909354234,104],[322,345909347609,123],[394,345909524109,90],[115,345909677234,83],[13,345909106656,181]]"
234922,432.2740002000001,646,50.64026913,5.697673076,11277.6,11468.1,5,"[[322,433259026390,97],[436,433258719937,107],[412,433259012272,30],[394,433258777000,102],[13,433258707671,79]]"
234923,432.2740002000001,646,50.64026913,5.697673076,11277.6,11460.48,5,"[[322,433259026390,97],[436,433258719937,107],[412,433259012272,30],[394,433258777000,102],[13,433258707671,79]]"
128843,236.928,175,50.9786108,4.932861328,10972.8,11155.68,4,"[[322,237912608203,93],[436,237912503937,93],[394,237912662484,93],[13,237912320843,134]]"
30225,55.46500015,1023,51.75302124,4.8895098710000005,11285.22,11376.66,4,"[[322,56448692281,107],[394,56448972484,51],[436,56448794343,68],[13,56448850046,44]]"
135825,249.7320001,175,50.98531432,4.893798828,10972.8,11155.68,4,"[[322,250707941734,77],[436,250707850640,122],[394,250708010906,95],[13,250707656156,150]]"
151250,278.3430002,1752,50.9735366,5.355377197,10972.8,11148.06,5,"[[322,279321397234,74],[436,279321159156,93],[394,279321298484,70],[115,279321440421,69],[13,279321136390,103]]"
136789,251.5740001,2075,51.67652195,4.347686768,10972.8,11117.58,4,"[[394,252542920812,44],[436,252542734859,98],[322,252542437390,126],[13,252542668453,81]]"
209978,387.0610001,175,51.05763245,4.475741,10972.8,11148.06,4,"[[322,388034857015,112],[436,388034905625,99],[394,388035078421,31],[13,388034651546,139]]"
143236,263.5240002,354,51.66563416,4.613589725,11590.02,11681.46,4,"[[436,264502143140,116],[322,264501951187,135],[394,264502327828,70],[13,264502121828,88]]"
227116,418.3070002,1752,51.06617556,4.921722412,10965.18,11132.82,4,"[[436,419277020562,129],[322,419277108578,86],[394,419277187750,60],[13,419276869890,79]]"
90945,166.4400001,175,50.94108969,5.148239136,10972.8,11155.68,5,"[[322,167416639062,104],[436,167416463796,92],[394,167416610109,93],[115,167416750812,102],[13,167416350312,116]]"
81108,148.5190001,354,51.62759555,4.960861206000001,11582.4,11681.46,5,"[[436,149491031953,80],[322,149490994687,130],[394,149491214750,70],[115,149491402921,37],[13,149491081703,66]]"
90596,165.832,354,51.63592529,4.911482527,11590.02,11689.08,4,"[[436,166821353828,90],[394,166821536921,42],[322,166821292515,110],[13,166821392312,71]]"
46781,85.19300008,175,50.89700473,5.397949219,10972.8,11155.68,5,"[[322,86170265109,105],[436,86170014750,101],[115,86170270781,83],[394,86170139156,79],[13,86169981515,103]]"
190532,351.1760001,2075,51.490448,4.298475111,11071.86,11216.64,4,"[[436,352163875453,87],[394,352164062750,52],[322,352163636546,91],[13,352163751890,72]]"
258298,474.28,1752,51.1024863,4.749221802,10972.8,11132.82,4,"[[436,475252504234,80],[322,475252528484,105],[394,475252677000,80],[13,475252318171,94]]"
190351,350.82199999999995,175,51.03805801,4.585571289,10972.8,11148.06,5,"[[436,351789408515,92],[394,351789578750,114],[115,351789732250,91],[322,351789395953,60],[13,351789159515,167]]"
2530,4.656000137,175,50.85278320000001,5.645562249,10988.04,11178.54,5,"[[394,5628771593,82],[436,5628680156,74],[322,5628992140,78],[115,5628890281,78],[13,5628714671,92]]"
16741,30.71600008,175,50.86725785,5.565109252999999,10988.04,11178.54,4,"[[322,31689407718,60],[394,31689217421,115],[436,31689113984,110],[13,31689128250,107]]"
27940,51.33899999,175,50.87861659,5.501480103,10988.04,11178.54,4,"[[322,52325337890,53],[436,52325059843,129],[394,52325171859,98],[13,52325056875,109]]"
150734,277.405,1752,50.97293143,5.358123779,10972.8,11148.06,5,"[[322,278376111359,96],[394,278376011390,61],[436,278375872328,78],[115,278376153250,87],[13,278375850531,88]]"
144431,265.789,1749,50.57368469,5.319984838,10972.8,11102.34,5,"[[436,266756570656,120],[322,266756796718,89],[115,266756752531,60],[394,266756660406,73],[13,266756440593,82]]"
112110,206.2910001,1752,50.92512228,5.578689575,10972.8,11148.06,5,"[[436,207270598375,117],[394,207270709921,98],[322,207270899125,89],[115,207270841531,94],[13,207270637359,89]]"
260401,478.03,1605,50.79025269,5.82898939,10355.58,10469.88,4,"[[436,479010889781,101],[322,479011233421,86],[394,479010946093,62],[13,479010953281,67]]"
165011,304.454,646,50.71051025,5.286131163,11277.6,11460.48,6,"[[394,305428200046,100],[436,305428091984,148],[440,305428494827,15],[322,305428311421,80],[115,305428310515,83],[13,305427971953,107]]"
51927,94.42799997,1752,50.84907532,5.926901328,10972.8,11155.68,4,"[[436,95409488562,79],[322,95409856046,48],[394,95409534671,107],[13,95409595859,40]]"
138326,254.335,1752,50.95747608,5.429840088,10965.18,11140.44,5,"[[436,255310734578,92],[322,255310995015,92],[394,255310865843,97],[115,255311004765,79],[13,255310733640,65]]"
92355,168.9520001,1749,50.46807861,5.576501144,10972.8,11102.34,5,"[[436,169927797015,92],[322,169928070765,96],[394,169927852046,124],[115,169927917734,85],[13,169927720765,100]]"
41167,75.23200011,354,51.58900374,5.180358887,11590.02,11696.7,4,"[[436,76219960953,113],[322,76220026437,96],[394,76220142218,64],[13,76220063687,51]]"
155646,286.5050001,646,50.72019933,5.228424072,11285.22,11468.1,5,"[[436,287478005500,99],[322,287478210546,68],[115,287478232484,62],[394,287478119078,93],[13,287477867625,87]]"
131516,241.89400010000003,175,50.98121772,4.917602539,10980.42,11163.3,5,"[[436,242867746718,122],[115,242868052828,81],[322,242867845875,104],[394,242867905875,105],[13,242867559062,154]]"
137264,252.4090002,646,50.73863401,5.118560791,11292.84,11475.72,4,"[[322,253393018562,76],[436,253392842015,100],[394,253392965203,90],[13,253392669187,72]]"
146600,269.77,1749,50.57803345,5.309359902,10972.8,11102.34,5,"[[436,270756733468,108],[322,270756957281,71],[394,270756824578,73],[115,270756917718,81],[13,270756600875,95]]"
140798,258.92400000000004,354,51.66427871,4.627227783,11590.02,11681.46,5,"[[436,259912271281,76],[394,259912456046,72],[115,259912643187,51],[322,259912085531,132],[13,259912252578,85]]"
42392,77.42400002,175,50.89283752,5.421604466000002,10972.8,11155.68,5,"[[436,78409887468,128],[322,78410144406,55],[115,78410139812,79],[394,78410009234,97],[13,78409861421,75]]"
154899,285.0780001,354,51.67195129,4.547374828,11582.4,11673.84,5,"[[436,286053046406,108],[322,286052826171,85],[394,286053231390,66],[115,286053418234,56],[13,286053013750,76]]"
119002,218.7350001,1752,50.93354823,5.540313721,10972.8,11148.06,4,"[[436,219715410828,113],[322,219715701765,107],[394,219715528015,100],[13,219715440062,95]]"
121646,223.5040002,354,51.65359497,4.734439334,11582.4,11681.46,5,"[[436,224492133421,104],[322,224491994750,66],[115,224492505031,58],[394,224492317640,74],[13,224492134828,85]]"
165493,305.395,354,51.67790222,4.485465385,11582.4,11673.84,4,"[[322,306372693343,114],[436,306372939921,65],[394,306373125109,33],[13,306372897187,54]]"
253278,465.2870002,1605,50.78256226,5.869742729,10363.2,10477.5,5,"[[436,466270835406,108],[322,466271185515,91],[394,466270884171,122],[115,466270981234,66],[13,466270906375,63]]"
117637,216.3100002,646,50.7580463,5.001831055,11292.84,11468.1,5,"[[436,217297169906,67],[394,217297301875,103],[322,217297314734,63],[412,217297575027,47],[13,217296958515,142]]"
112340,206.6960001,175,50.96255028,5.025405884,10972.8,11155.68,4,"[[436,207682047515,102],[322,207682182562,88],[394,207682201359,88],[13,207681893218,146]]"
124228,228.2770002,646,50.75162209,5.040664673,11300.46,11483.34,6,"[[322,229262882406,45],[115,229262977812,39],[436,229262726859,98],[394,229262856062,82],[412,229263127952,13],[13,229262528375,115]]"
124229,228.2770002,646,50.75162209,5.040664673,11300.46,11475.72,6,"[[322,229262882406,45],[115,229262977812,39],[436,229262726859,98],[394,229262856062,82],[412,229263127952,13],[13,229262528375,115]]"
153868,283.1760001,1752,50.97684181,5.340118408,10972.8,11140.44,5,"[[436,284160937937,107],[322,284161171250,84],[394,284161078687,49],[115,284161221281,85],[13,284160910687,99]]"
18067,33.12800002,354,51.56634521,5.3075841960000005,11582.4,11689.08,4,"[[436,34109382000,93],[322,34109506531,75],[394,34109561906,79],[13,34109519093,72]]"
45775,83.45500016,1749,50.37423706,5.802371376,10972.8,11109.96,5,"[[322,84429095218,68],[436,84428789687,103],[394,84428813312,104],[115,84428851453,67],[13,84428749906,93]]"
209548,386.2060001,1605,50.7342581,6.122207642,10355.58,10477.5,4,"[[436,387185492234,126],[394,387185491500,136],[322,387185874140,60],[13,387185600515,57]]"
146981,270.4780002,646,50.72885804,5.176849365,11292.84,11475.72,5,"[[436,271453172625,130],[322,271453364437,52],[412,271453557675,62],[394,271453290859,112],[13,271453018562,117]]"
8052,14.75100017,354,51.55664994,5.362014771,11582.4,11689.08,4,"[[436,15739227765,85],[322,15739377765,62],[394,15739406828,63],[13,15739380515,53]]"
162666,300.1290002,175,51.01166289,4.74029541,10972.8,11148.06,5,"[[436,301113521093,68],[322,301113560203,100],[394,301113687015,80],[115,301113837734,89],[13,301113290718,163]]"
127218,233.849,175,50.97698147,4.942321777,10980.42,11163.3,6,"[[436,234827990312,100],[322,234828097750,110],[394,234828148484,94],[412,234828500700,25],[115,234828294843,77],[13,234827810078,122]]"
27883,51.22500014,1023,51.74606323,4.87956279,11285.22,11376.66,4,"[[436,52213726515,96],[394,52213905187,92],[322,52213622078,140],[13,52213778765,33]]"
77854,142.529,1749,50.43910217,5.646177592999999,10972.8,11102.34,5,"[[436,143517468578,70],[322,143517753046,78],[115,143517571421,63],[394,143517513859,109],[13,143517404593,89]]"
176787,326.108,175,51.02516304,4.661026001000001,10972.8,11148.06,5,"[[322,327094054484,103],[436,327094042078,108],[394,327094210359,79],[115,327094362546,80],[13,327093800171,128]]"
132486,243.655,354,51.65971659,4.673156738,11582.4,11681.46,5,"[[322,244641675484,120],[436,244641841046,62],[394,244642025531,62],[115,244642212750,42],[13,244641830750,90]]"
132487,243.655,354,51.65971659,4.673156738,11582.4,11673.84,5,"[[322,244641675484,120],[436,244641841046,62],[394,244642025531,62],[115,244642212750,42],[13,244641830750,90]]"
10444,19.20900011,1173,50.60512219,6.130074166,11894.82,12016.74,4,"[[436,20196632562,105],[394,20196623765,75],[322,20197002078,66],[13,20196706296,74]]"
10445,19.20900011,1173,50.60512219,6.130074166,11894.82,12024.36,4,"[[436,20196632562,105],[394,20196623765,75],[322,20197002078,66],[13,20196706296,74]]"
189791,349.79,175,51.03754593,4.588623047,10972.8,11148.06,4,"[[322,350774304359,87],[436,350774315906,80],[394,350774486078,118],[13,350774067093,182]]"
107868,198.395,1752,50.91970825,5.603175808,10965.18,11140.44,5,"[[436,199380273531,93],[394,199380381312,116],[322,199380580203,79],[115,199380511562,74],[13,199380318453,89]]"
181222,334.1850002,1752,51.010849,5.181761046,10972.8,11140.44,4,"[[436,335156328765,123],[322,335156509906,80],[394,335156482453,56],[13,335156252843,118]]"
28987,53.17100000000001,869,50.70845032,5.068780023,11003.28,11178.54,4,"[[436,54138570296,87],[322,54138735359,71],[394,54138693140,136],[13,54138376625,110]]"
1416,2.585000038,869,50.78063965,5.172185125,10965.18,11140.44,4,"[[322,3568503859,70],[436,3568314546,106],[394,3568439390,138],[13,3568167765,85]]"
5440,9.950000048,869,50.77006531,5.157116039,10965.18,11140.44,5,"[[436,10938387015,76],[322,10938572625,96],[394,10938511515,88],[412,10938794897,40],[13,10938232750,75]]"
130175,239.375,2075,51.69923944,4.353713989,10972.8,11117.58,5,"[[436,240352596656,79],[322,240352292937,127],[394,240352782125,42],[115,240352968625,50],[13,240352536609,67]]"
141560,260.3270001,175,50.99093628,4.861153268,10972.8,11155.68,5,"[[436,261312883562,91],[394,261313045062,88],[115,261313193343,77],[322,261312963656,82],[13,261312680218,147]]"
178745,329.619,646,50.69683010000001,5.367050171,11277.6,11460.48,4,"[[322,330596401640,76],[436,330596162796,100],[394,330596262390,86],[13,330596066656,77]]"
97512,178.3930001,953,51.45018497,5.78338623,11887.2,12047.22,4,"[[436,179359874593,57],[322,179360219484,70],[394,179360039359,87],[13,179360151609,60]]"
128061,235.332,1752,50.94474792,5.48885861,10965.18,11132.82,4,"[[322,236310869000,77],[394,236310715875,86],[436,236310591750,109],[13,236310607343,77]]"
51564,93.76300001,953,51.54469299,5.5161759660000005,11887.2,12039.6,5,"[[436,94749111000,68],[238,94749473265,35],[322,94749326015,108],[394,94749285375,106],[13,94749310406,84]]"
55161,100.22,354,51.60232544,5.105227909,11597.64,11704.32,4,"[[322,101200533015,97],[436,101200502656,114],[394,101200684531,70],[13,101200586296,69]]"
90788,166.19400000000005,1752,50.89750671,5.703017776,10972.8,11148.06,4,"[[322,167175402859,104],[436,167175073796,103],[394,167175164828,96],[13,167175141328,83]]"
145332,267.4680002,2075,51.64691162,4.339748073,10965.18,11109.96,4,"[[322,268437607593,72],[436,268437896468,90],[394,268438082828,48],[13,268437821562,73]]"
53965,98.14600015,1749,50.39039612,5.7633410000000005,10972.8,11109.96,4,"[[436,99118057750,103],[322,99118358453,47],[394,99118086687,110],[13,99118012421,48]]"
211048,388.984,1605,50.73602709,6.1132049560000015,10355.58,10477.5,6,"[[436,389955504093,97],[322,389955885078,74],[394,389955505093,126],[238,389955718109,51],[115,389955575203,87],[13,389955611296,46]]"
86274,157.941,1752,50.89173889,5.728850494,10965.18,11148.06,5,"[[436,158914954953,44],[394,158915041156,113],[322,158915289156,105],[115,158915163359,69],[13,158915027656,79]]"
86275,157.941,1752,50.89173889,5.728850494,10965.18,11140.44,5,"[[436,158914954953,44],[394,158915041156,113],[322,158915289156,105],[115,158915163359,69],[13,158915027656,79]]"
11102,20.454,869,50.75509644,5.135588775,10965.18,11140.44,5,"[[322,21438622859,80],[436,21438442359,132],[394,21438566421,125],[412,21438842900,32],[13,21438277890,100]]"
11103,20.454,869,50.75509644,5.135588775,10965.18,11148.06,5,"[[322,21438622859,80],[436,21438442359,132],[394,21438566421,125],[412,21438842900,32],[13,21438277890,100]]"
79916,146.4030001,175,50.93028259,5.209894954,10965.18,11148.06,5,"[[436,147376562015,101],[322,147376756781,89],[394,147376703859,79],[115,147376842562,87],[13,147376468953,120]]"
45975,83.81200004,175,50.89631653,5.4019330000000005,10972.8,11163.3,5,"[[436,84799993343,104],[322,84800244890,60],[394,84800117265,78],[115,84800248656,34],[13,84799961359,88]]"
45976,83.81200004,175,50.89631653,5.4019330000000005,10972.8,11155.68,5,"[[436,84799993343,104],[322,84800244890,60],[394,84800117265,78],[115,84800248656,34],[13,84799961359,88]]"
145893,268.467,354,51.6671184,4.598007202,11590.02,11681.46,4,"[[322,269452031406,141],[394,269452414609,69],[436,269452229921,113],[13,269452205937,93]]"
96821,177.1270001,1752,50.90505826,5.669250487999999,10972.8,11148.06,5,"[[436,178095145343,47],[394,178095242281,114],[322,178095467125,106],[115,178095368500,85],[13,178095205484,87]]"
186246,343.2950001000001,646,50.68938174,5.411071777,11277.6,11460.48,6,"[[436,344283280640,104],[440,344283659848,7],[412,344283630473,0],[394,344283375296,96],[322,344283529593,81],[13,344283196921,89]]"
89403,163.6260002,175,50.93946037,5.157470703,10972.8,11155.68,4,"[[436,164601307750,125],[322,164601485828,103],[394,164601453437,74],[13,164601197156,87]]"
193982,357.517,175,51.04151917,4.5651904960000005,10972.8,11148.06,4,"[[394,358494610109,89],[436,358494439375,88],[322,358494420109,124],[13,358494189046,156]]"
54574,99.20800018,175,50.90464783,5.35501841,10972.8,11155.68,5,"[[436,100191333687,148],[394,100191462625,88],[115,100191596031,98],[322,100191571984,56],[13,100191287265,91]]"
134493,247.3800001,1752,50.95282086,5.451278687,10965.18,11140.44,5,"[[322,248355968062,111],[436,248355701250,135],[394,248355830093,100],[115,248355968078,62],[13,248355706531,88]]"
11193,20.62199998,388,51.08591371,4.19921875,11567.16,11727.18,4,"[[394,21598542218,76],[436,21598365828,111],[322,21598238062,129],[13,21598103812,113]]"
31678,58.06700015,175,50.88221741,5.481212719,10980.42,11170.92,5,"[[436,59049567734,115],[394,59049682390,120],[322,59049840500,60],[115,59049810171,85],[13,59049558921,75]]"
155202,285.651,175,51.00416798,4.784240723,10965.18,11140.44,5,"[[394,286629097562,82],[436,286628933093,88],[322,286628987093,113],[115,286629247375,63],[13,286628711281,143]]"
187265,345.217,646,50.68830872,5.417373245,11277.6,11460.48,4,"[[436,346203459031,122],[322,346203709296,78],[394,346203552937,81],[13,346203377031,101]]"
25420,46.69300008,953,51.59687805,5.367192449,11887.2,12039.6,4,"[[436,47674630984,73],[394,47674806859,109],[322,47674770250,124],[13,47674789828,52]]"
25421,46.69300008,953,51.59687805,5.367192449,11887.2,12031.98,4,"[[436,47674630984,73],[394,47674806859,109],[322,47674770250,124],[13,47674789828,52]]"
260946,479.0010002,1752,51.10551453,4.734736262,10965.18,11125.2,4,"[[436,479987514031,106],[322,479987532953,72],[394,479987687203,44],[13,479987325781,121]]"
108430,199.381,1752,50.92037395,5.600128174,10965.18,11140.44,5,"[[436,200360280078,128],[322,200360586015,54],[394,200360388359,112],[115,200360518781,79],[13,200360324343,79]]"
16028,29.40100002,1749,50.31491089,5.944398579,10972.8,11109.96,6,"[[436,30388964656,77],[238,30389165750,30],[115,30388988640,65],[322,30389286296,64],[394,30388969390,102],[13,30388943515,89]]"
159259,293.631,646,50.71632385,5.251390612,11285.22,11468.1,4,"[[436,294603239609,74],[394,294603351078,100],[322,294603450437,64],[13,294603108921,100]]"
26284,48.24600005,175,50.87689416,5.511016846,10988.04,11178.54,4,"[[322,49229751765,88],[436,49229471296,114],[394,49229582078,102],[13,49229471000,71]]"
86002,157.4400001,175,50.93620171,5.17616272,10972.8,11155.68,5,"[[322,158421391109,87],[436,158421207015,94],[394,158421351359,82],[115,158421491265,90],[13,158421102718,112]]"
148542,273.3700001,175,50.99775696,4.821513408,10972.8,11155.68,5,"[[436,274348114078,121],[322,274348180781,82],[394,274348277156,71],[115,274348426234,67],[13,274347900718,151]]"
248769,457.168,175,51.11595154,4.27175161,10972.8,11140.44,5,"[[436,458156064375,104],[322,458155946000,125],[394,458156241828,52],[115,458156401359,72],[13,458155815484,112]]"
134535,247.45900010000003,354,51.66082764,4.662137418,11582.4,11673.84,5,"[[436,248432287984,81],[394,248432472500,59],[322,248432117406,125],[115,248432659781,48],[13,248432275546,87]]"
32171,58.977,175,50.88275974,5.478134155,10980.42,11170.92,5,"[[436,59964700187,139],[322,59964972265,88],[394,59964815234,117],[115,59964943125,74],[13,59964690640,78]]"
196613,362.3800001,175,51.04397014,4.550552368,10972.8,11148.06,5,"[[436,363349545171,79],[322,363349521046,126],[394,363349716187,64],[238,363349940500,30],[13,363349293921,170]]"
394,0.7130000590000001,869,50.78323106,5.176010132,10965.18,11140.44,5,"[[436,1698316062,99],[322,1698506296,91],[394,1698441031,87],[412,1698730472,18],[13,1698171140,104]]"
21216,38.89600015,354,51.56954491,5.28968811,11582.4,11689.08,5,"[[436,39869696406,94],[322,39869812906,101],[394,39869876484,84],[115,39870065203,61],[13,39869828687,51]]"
10562,19.43700004,175,50.86101985,5.599975586,10988.04,11178.54,5,"[[436,20404042015,89],[322,20404343859,96],[394,20404140421,103],[115,20404261859,67],[13,20404065234,103]]"
127524,234.405,1749,50.53957664,5.403194943,10972.8,11102.34,6,"[[436,235376876296,136],[322,235377119359,84],[412,235377138825,27],[394,235376955265,97],[115,235377039406,82],[13,235376765312,101]]"
175711,324.1660001,175,51.02416992,4.666814031,10972.8,11148.06,5,"[[436,325153906125,136],[322,325153920562,101],[394,325154074203,66],[115,325154226250,98],[13,325153664843,174]]"
45625,83.20000005,869,50.66564010000001,5.007538667,11140.44,11315.7,4,"[[436,84188718859,91],[322,84188870593,99],[394,84188840562,130],[13,84188502609,103]]"
158237,291.556,354,51.67382813,4.527851826,11582.4,11673.84,4,"[[436,292522363453,101],[394,292522548515,72],[322,292522134843,66],[13,292522327562,65]]"
193512,356.684,175,51.0410614,4.567937078,10972.8,11148.06,5,"[[436,357669544843,96],[322,357669526375,123],[394,357669715484,93],[115,357669869203,97],[13,357669294593,167]]"
5193,9.509000063,175,50.85552668,5.630493164,10988.04,11178.54,5,"[[436,10483799640,96],[322,10484108328,79],[394,10483893343,149],[115,10484012937,95],[13,10483830453,92]]"
112407,206.7970002,953,51.41876221,5.871672759,11887.2,12047.22,4,"[[436,207764787359,88],[394,207764941984,71],[322,207765168515,81],[13,207765086125,67]]"
15624,28.69400001,175,50.86609404,5.571594237999999,10988.04,11178.54,4,"[[436,29669085265,110],[322,29669380515,88],[394,29669187812,113],[13,29669101187,101]]"
35097,64.24399996,175,50.88565063,5.462135109,10980.42,11170.92,4,"[[322,65219936875,54],[436,65219669000,77],[394,65219786093,83],[13,65219654875,65]]"
89093,163.03400019999995,1752,50.89530945,5.712964857,10965.18,11140.44,6,"[[322,164020588390,110],[436,164020257421,91],[238,164020575406,21],[394,164020346578,94],[115,164020469875,65],[13,164020326890,53]]"
225800,415.8800001,2075,51.36937028,4.266967773,11277.6,11422.38,4,"[[322,416859407859,115],[436,416859609375,82],[394,416859795265,29],[13,416859444640,83]]"
153116,281.8110001,869,50.38409217,4.609581200000001,11277.6,11460.48,5,"[[322,282789718000,82],[394,282789751937,63],[436,282789635515,91],[412,282789874200,41],[13,282789349968,72]]"
21037,38.59000015,869,50.72927856,5.098621265,10965.18,11140.44,4,"[[394,39558611734,111],[322,39558660140,77],[436,39558488359,102],[13,39558307140,107]]"
143131,263.2910001,175,50.9924469,4.8523196660000005,10972.8,11155.68,5,"[[322,264268090546,119],[436,264268013437,118],[394,264268175359,87],[115,264268323828,61],[13,264267807812,141]]"
19341,35.48100019,646,50.85424805,4.411753062,11262.36,11437.62,4,"[[436,36446812281,70],[322,36446790375,78],[394,36446972171,36],[13,36446494250,25]]"
5759,10.53400016,1023,51.67810472,4.782485962,11277.6,11369.04,5,"[[436,11518078671,112],[322,11517952828,120],[394,11518261562,73],[115,11518450015,59],[13,11518096203,82]]"
206653,380.8700001,1605,50.73101807,6.139130463,10355.58,10477.5,6,"[[436,381840714656,60],[115,381840777187,107],[440,381840972398,21],[394,381840710515,111],[322,381841098203,61],[13,381840824921,39]]"
164930,304.3040001,175,51.01391602,4.727238836000001,10965.18,11148.06,5,"[[436,305273590046,104],[394,305273756343,81],[322,305273624796,72],[115,305273907296,92],[13,305273357546,153]]"
199727,368.1490002,1749,50.68432617,5.047920846,10972.8,11094.72,4,"[[436,369135855281,110],[322,369136016031,73],[394,369135976656,98],[13,369135652578,52]]"
47503,86.46900009999997,1023,51.80484009,4.963593354,11285.22,11376.66,4,"[[322,87454209671,118],[436,87454294734,86],[394,87454468343,78],[13,87454374734,35]]"
78529,143.76500009999995,1752,50.8819218,5.772705078,10972.8,11148.06,5,"[[436,144749857015,119],[322,144750199546,78],[394,144749934781,110],[412,144750296750,44],[13,144749938265,53]]"
168542,311.1460001000001,1749,50.62276549,5.199502481000001,10972.8,11094.72,4,"[[436,312116520671,55],[394,312116625312,103],[322,312116719765,78],[13,312116360359,94]]"
183003,337.4020002,175,51.03112172,4.626312256,10972.8,11148.06,5,"[[436,338389159390,69],[322,338389160390,124],[394,338389328640,89],[115,338389481375,81],[13,338388913875,155]]"
82592,151.21200009999995,1752,50.8870891,5.749664307000001,10965.18,11148.06,4,"[[322,152190258593,84],[436,152189920296,122],[394,152190002562,116],[13,152189997156,86]]"
20167,37.05900002,175,50.87072754,5.545720281,10988.04,11178.54,4,"[[436,38039233500,79],[394,38039339781,77],[322,38039522562,38],[13,38039242593,59]]"
112399,206.7720001,354,51.64863716,4.784698486,11582.4,11681.46,4,"[[436,207761444500,118],[394,207761628375,77],[322,207761328156,135],[13,207761456093,72]]"
52804,96.00600004,1752,50.85008007,5.9218597410000005,10972.8,11155.68,5,"[[436,96989565375,89],[394,96989612515,125],[322,96989932203,66],[440,96989936848,32],[13,96989671921,44]]"
29328,53.79600000000001,354,51.57705688,5.247604783,11590.02,11696.7,4,"[[322,54769748968,76],[436,54769653234,98],[394,54769833859,56],[13,54769773203,86]]"
130132,239.3000002,1752,50.94740295,5.476461874,10972.8,11148.06,5,"[[436,240285573421,111],[394,240285699171,100],[322,240285847250,70],[115,240285835984,53],[13,240285585656,79]]"
158170,291.405,175,51.00719387,4.766540527,10965.18,11140.44,5,"[[436,292388421546,115],[322,292388469625,104],[394,292388586578,71],[115,292388736781,91],[13,292388196156,189]]"
25782,47.34100008,175,50.87635803,5.514097471,10988.04,11178.54,4,"[[322,48325207484,79],[436,48324926250,105],[394,48325036765,100],[13,48324926781,90]]"
136119,250.2710001,1752,50.95477605,5.4422760010000015,10965.18,11140.44,4,"[[394,251240838921,59],[436,251240709015,94],[322,251240973140,100],[13,251240711687,83]]"
16771,30.7650001,869,50.7404961,5.1146698,10972.8,11148.06,4,"[[394,31728596953,124],[322,31728648796,89],[436,31728473265,120],[13,31728299078,121]]"
91621,167.658,1752,50.89855957,5.698341162999999,10972.8,11148.06,5,"[[436,168645018343,85],[322,168645346328,84],[394,168645110031,119],[115,168645234343,62],[13,168645084781,36]]"
8091,14.8210001,646,50.86502334,4.344177246,11269.98,11445.24,5,"[[394,15794375875,63],[322,15794173531,93],[436,15794213906,124],[115,15794517484,53],[13,15793897671,145]]"
8092,14.8210001,646,50.86502334,4.344177246,11269.98,11437.62,5,"[[394,15794375875,63],[322,15794173531,93],[436,15794213906,124],[115,15794517484,53],[13,15793897671,145]]"
156138,287.4000001,1752,50.97963495,5.327072144,10972.8,11148.06,4,"[[436,288385952750,91],[394,288386094796,48],[322,288386182000,77],[13,288385921562,64]]"
156139,287.4000001,1752,50.97963495,5.327072144,10972.8,11140.44,4,"[[436,288385952750,91],[394,288386094796,48],[322,288386182000,77],[13,288385921562,64]]"
116797,214.7130001,953,51.40988159,5.896614692999999,11887.2,12047.22,6,"[[436,215695812375,86],[394,215695962734,82],[238,215696162765,60],[322,215696202000,95],[115,215696150062,81],[13,215696115937,46]]"
81076,148.4690001,175,50.93133545,5.203733702,10965.18,11148.06,5,"[[436,149456245828,85],[322,149456438562,122],[394,149456388171,82],[115,149456527125,79],[13,149456150671,108]]"
14971,27.53900003,175,50.86550903,5.574967667999999,10988.04,11178.54,4,"[[322,28524895187,94],[436,28524599062,128],[394,28524701156,110],[13,28524615968,101]]"
59883,108.605,175,50.90976004,5.32623291,10972.8,11155.68,5,"[[322,109580632953,67],[436,109580403093,107],[394,109580534843,57],[412,109580883777,40],[13,109580347625,76]]"
39504,72.26300001,869,50.68121338,5.029808251,11087.1,11262.36,4,"[[436,73248660859,113],[322,73248817328,87],[394,73248782968,118],[13,73248452343,128]]"
154176,283.7340000000001,1752,50.97715759,5.338538917,10972.8,11148.06,5,"[[322,284701175906,78],[436,284700943062,92],[394,284701083953,60],[115,284701226593,81],[13,284700915312,61]]"
154177,283.7340000000001,1752,50.97715759,5.338538917,10972.8,11140.44,5,"[[322,284701175906,78],[436,284700943062,92],[394,284701083953,60],[115,284701226593,81],[13,284700915312,61]]"
121943,223.99500010000003,354,51.65380446,4.732513428,11582.4,11681.46,4,"[[436,224971975718,87],[322,224971836343,127],[394,224972159906,79],[13,224971976859,91]]"
249936,459.3040001,646,50.62518621,5.785044077,11277.6,11460.48,5,"[[322,460284176390,55],[436,460283855359,87],[394,460283899406,89],[115,460283974531,63],[13,460283861578,50]]"
249937,459.3040001,646,50.62518621,5.785044077,11277.6,11468.1,5,"[[322,460284176390,55],[436,460283855359,87],[394,460283899406,89],[115,460283974531,63],[13,460283861578,50]]"
59566,108.0670002,175,50.90945435,5.327775285,10972.8,11155.68,5,"[[436,109045413093,57],[322,109045643453,87],[115,109045679171,82],[394,109045544750,87],[13,109045358125,58]]"
137326,252.53,175,50.98681641,4.88527865,10972.8,11155.68,5,"[[322,253512845000,105],[436,253512756843,102],[394,253512917437,71],[115,253513065125,101],[13,253512559953,160]]"
117514,216.056,354,51.65133719,4.757080078,11590.02,11689.08,4,"[[436,217031675437,110],[322,217031546687,70],[394,217031859500,52],[13,217031681343,111]]"
154656,284.6070001,175,51.00360935,4.78729248,10965.18,11148.06,5,"[[436,285593308078,105],[322,285593363125,84],[394,285593472343,94],[115,285593622140,85],[13,285593086906,147]]"
154657,284.6070001,175,51.00360935,4.78729248,10965.18,11140.44,5,"[[436,285593308078,105],[322,285593363125,84],[394,285593472343,94],[115,285593622140,85],[13,285593086906,147]]"
165424,305.244,175,51.01436292,4.72442627,10972.8,11148.06,5,"[[322,306229182546,79],[436,306229148703,85],[394,306229315078,74],[115,306229466125,82],[13,306228915718,154]]"
51604,93.83899999,1752,50.84875488,5.928460198,10972.8,11155.68,4,"[[436,94824495578,129],[322,94824863296,80],[394,94824541312,113],[13,94824603187,55]]"
53968,98.14600015,175,50.90409851,5.358136151,10972.8,11155.68,5,"[[436,99125764531,95],[322,99126003687,71],[394,99125893078,74],[115,99126026375,69],[13,99125719093,88]]"
202742,373.631,175,51.04980469,4.516123179,10972.8,11148.06,5,"[[436,374614693875,107],[115,374615020250,77],[322,374614658515,89],[394,374614865703,82],[13,374614440890,108]]"
250395,460.0830002,1605,50.77940369,5.886296453,10363.2,10477.5,5,"[[436,461055882984,100],[394,461055928515,110],[440,461056227352,14],[322,461056235625,52],[13,461055956875,28]]"
168641,311.3730001,354,51.67964172,4.467278558,11582.4,11673.84,4,"[[436,312343115468,95],[394,312343300656,58],[322,312342861234,66],[13,312343069921,62]]"
11977,22.02100015,354,51.56000170000001,5.343322754,11582.4,11689.08,4,"[[436,23009232750,132],[322,23009372640,102],[394,23009412109,79],[13,23009379250,72]]"
83176,152.293,354,51.62960815,4.949415052,11582.4,11681.46,4,"[[322,153271361531,127],[436,153271403984,119],[394,153271586859,52],[13,153271451281,86]]"
10086,18.57400012,646,50.86302159,4.356613159,11269.98,11437.62,5,"[[436,19556731921,101],[394,19556893484,48],[322,19556694796,98],[115,19557034875,59],[13,19556415218,159]]"
248923,457.444,646,50.62623596,5.779097707999999,11277.6,11468.1,5,"[[322,458424166140,66],[436,458423845968,69],[115,458423966671,95],[394,458423891000,69],[13,458423850937,44]]"
248924,457.444,646,50.62623596,5.779097707999999,11277.6,11460.48,5,"[[322,458424166140,66],[436,458423845968,69],[115,458423966671,95],[394,458423891000,69],[13,458423850937,44]]"
113293,208.47,646,50.76228333,4.976361249,11292.84,11475.72,4,"[[436,209437632500,90],[322,209437770406,79],[394,209437766234,94],[13,209437412656,99]]"
159761,294.618,646,50.71582342,5.254440308,11285.22,11468.1,4,"[[436,295593044515,124],[322,295593256156,71],[394,295593155703,78],[13,295592914812,97]]"
244521,449.612,1605,50.77308267,5.919723511,10363.2,10485.12,4,"[[436,450595764390,126],[322,450596121953,70],[394,450595803609,74],[13,450595843937,69]]"
155154,285.5780001,953,51.33045959,6.118048591,11887.2,12047.22,4,"[[394,286550097984,131],[436,286550022531,89],[322,286550452078,79],[13,286550336125,65]]"
26588,48.79299998,869,50.71472168,5.077762088,10988.04,11163.3,4,"[[322,49778699828,78],[436,49778532812,83],[394,49778655765,126],[13,49778342734,129]]"
241174,443.592,1605,50.76945159,5.938796997000001,10363.2,10485.12,6,"[[436,444580739515,116],[394,444580774984,82],[440,444581067022,38],[322,444581099718,86],[115,444580865406,42],[13,444580822140,62]]"
114419,210.4190001,646,50.7612584,4.982681274,11292.84,11468.1,5,"[[436,211397641843,92],[322,211397781437,95],[394,211397775093,111],[412,211398048950,31],[13,211397424078,118]]"
59973,108.7840002,1752,50.85836792,5.881916768,10972.8,11148.06,6,"[[436,109764574734,110],[322,109764935609,93],[394,109764630359,122],[238,109764856484,30],[115,109764740515,44],[13,109764675078,89]]"
59974,108.7840002,1752,50.85836792,5.881916768,10972.8,11155.68,6,"[[436,109764574734,110],[322,109764935609,93],[394,109764630359,122],[238,109764856484,30],[115,109764740515,44],[13,109764675078,89]]"
135018,248.3210001,646,50.74082197,5.105285645,11292.84,11468.1,4,"[[436,249292322406,84],[322,249292495406,79],[394,249292446687,101],[13,249292145265,113]]"
135019,248.3210001,646,50.74082197,5.105285645,11292.84,11475.72,4,"[[436,249292322406,84],[322,249292495406,79],[394,249292446687,101],[13,249292145265,113]]"
205018,377.839,354,51.69914246,4.263437632,11597.64,11689.08,4,"[[436,378814081015,95],[322,378813747656,110],[394,378814266750,58],[13,378814007031,90]]"
45485,82.94700003,953,51.5568827,5.481414795,11887.2,12039.6,4,"[[436,83922795312,106],[394,83922970062,63],[322,83922992921,106],[13,83922985031,53]]"
6343,11.60500002,1023,51.67991638,4.785065522,11277.6,11369.04,4,"[[436,12578089968,132],[322,12577964687,133],[394,12578272859,84],[13,12578108515,71]]"
37300,68.22000003,869,50.68700758,5.038070679,11064.24,11239.5,5,"[[436,69198618203,99],[322,69198776468,71],[115,69198855062,40],[394,69198740453,127],[13,69198412703,106]]"
60200,109.187,175,50.9100859,5.324401855,10972.8,11155.68,5,"[[322,110170674593,67],[436,110170445203,145],[394,110170577218,110],[115,110170711796,52],[13,110170389171,112]]"
35380,64.75900006,175,50.88592529,5.460586547999999,10980.42,11170.92,4,"[[436,65725230609,135],[322,65725498062,93],[394,65725347828,118],[13,65725216062,105]]"
7500,13.71300006,646,50.86558197,4.340591431,11269.98,11437.62,4,"[[436,14702393109,92],[322,14702351718,79],[394,14702555109,75],[13,14702076953,146]]"
204276,376.4320002,1749,50.69315248,5.026016235,10972.8,11094.72,4,"[[436,377406050281,96],[322,377406205125,70],[394,377406173953,90],[13,377405841078,107]]"
45391,82.76999998,869,50.66624451,5.008464612,11140.44,11315.7,4,"[[436,83748711046,82],[394,83748832796,90],[322,83748862921,104],[13,83748495046,115]]"
156650,288.4420002,646,50.71916199,5.234688424,11285.22,11468.1,5,"[[436,289423014796,119],[394,289423127859,105],[322,289423221500,93],[412,289423392050,29],[13,289422878953,99]]"
31942,58.54600000000001,175,50.88252698,5.479354858,10980.42,11170.92,4,"[[436,59529575140,84],[322,59529847562,56],[394,59529690031,93],[13,59529565968,78]]"
10779,19.81700015,1023,51.69364929,4.804662756,11285.22,11376.66,5,"[[436,20798221781,98],[322,20798100718,131],[115,20798592828,62],[394,20798403984,88],[13,20798247562,73]]"
30149,55.31100011,869,50.70539571,5.06439209,11010.9,11186.16,4,"[[322,56288746062,60],[436,56288582015,98],[394,56288704734,132],[13,56288386562,127]]"
120672,221.7980001,953,51.40209651,5.918426514,11887.2,12047.22,6,"[[436,222766285703,89],[115,222766618640,79],[238,222766632484,64],[394,222766431546,116],[322,222766682343,80],[13,222766592906,68]]"
49108,89.31200004,869,50.65693484,4.995216163,11170.92,11353.8,4,"[[436,90288763328,113],[322,90288912484,95],[394,90288884828,120],[13,90288542968,118]]"
49109,89.31200004,869,50.65693484,4.995216163,11170.92,11346.18,4,"[[436,90288763328,113],[322,90288912484,95],[394,90288884828,120],[13,90288542968,118]]"
143445,263.9420002,1749,50.57174424,5.324731775,10972.8,11102.34,6,"[[322,264927410265,89],[436,264927183187,102],[394,264927272312,103],[412,264927471175,29],[115,264927363968,36],[13,264927054250,96]]"
163690,302.017,1749,50.61280331,5.223924791,10972.8,11094.72,5,"[[322,302996510390,73],[436,302996305546,139],[394,302996407390,88],[115,302996507906,75],[13,302996151656,83]]"
43786,79.88700008,953,51.56021118,5.4719337260000005,11887.2,12039.6,5,"[[436,80862500703,95],[322,80862693359,108],[394,80862675578,108],[115,80862865156,74],[13,80862687703,54]]"
9495,17.48300004,869,50.75939941,5.141750026,10965.18,11140.44,5,"[[436,18468407265,109],[394,18468531437,151],[322,18468589187,90],[412,18468810000,15],[13,18468245609,123]]"
181287,334.3110001,175,51.02949239,4.635772705,10972.8,11148.06,5,"[[436,335294070812,104],[394,335294239812,88],[322,335294074937,85],[115,335294392390,74],[13,335293826156,187]]"
111323,204.773,1752,50.92410278,5.583355878,10972.8,11148.06,4,"[[436,205750323093,132],[394,205750433937,73],[322,205750625000,75],[13,205750363265,42]]"
237308,436.562,1328,50.62085685,4.722636455,10668.0,10797.54,4,"[[436,437537401796,47],[322,437537488468,78],[394,437537533093,59],[13,437537113812,87]]"
237309,436.562,1328,50.62085685,4.722636455,10668.0,10805.16,4,"[[436,437537401796,47],[322,437537488468,78],[394,437537533093,59],[13,437537113812,87]]"
78757,144.2130001,1752,50.88221741,5.771459631,10972.8,11148.06,4,"[[436,145189886593,102],[322,145190228906,89],[394,145189964609,128],[13,145189967562,85]]"
170020,313.892,1749,50.62579139,5.192079286,10972.8,11094.72,5,"[[436,314876366156,85],[322,314876563531,61],[394,314876471703,106],[115,314876574859,64],[13,314876203953,93]]"
7484,13.68700004,869,50.76480103,5.149544381,10965.18,11140.44,4,"[[436,14668373890,55],[322,14668557687,91],[394,14668498234,113],[13,14668215937,112]]"
5212,9.534000158,621,51.40805519,4.383544922,7810.5,7879.08,4,"[[436,10510053218,59],[322,10509869750,109],[394,10510240078,28],[13,10509916546,56]]"
135809,249.701,953,51.37085995,6.0057830810000015,11887.2,12047.22,7,"[[322,250687465890,87],[440,250687644623,31],[436,250687049140,109],[238,250687374218,44],[394,250687169875,130],[115,250687356031,68],[13,250687364265,54]]"
36769,67.28900003,869,50.68835449,5.039978027,11064.24,11247.12,4,"[[436,68278619109,129],[322,68278777812,88],[394,68278741421,123],[13,68278414312,103]]"
36770,67.28900003,869,50.68835449,5.039978027,11064.24,11239.5,4,"[[436,68278619109,129],[322,68278777812,88],[394,68278741421,123],[13,68278414312,103]]"
64630,117.3830001,1752,50.86390608,5.855026245,10965.18,11140.44,4,"[[436,118364641515,72],[322,118364998171,59],[394,118364702703,92],[13,118364737328,91]]"
215398,396.971,1749,50.71540833,4.971090781,10972.8,11094.72,4,"[[322,397945765031,85],[436,397945625437,99],[394,397945754453,79],[13,397945399640,123]]"
153340,282.204,1749,50.59144592,5.276473196,10972.8,11102.34,4,"[[394,283176486812,114],[436,283176391578,116],[322,283176608250,92],[13,283176250953,101]]"
146888,270.326,354,51.66764832,4.59280478,11590.02,11681.46,4,"[[436,271302479609,95],[322,271302278703,122],[394,271302664359,66],[13,271302454640,95]]"
164276,303.115,1749,50.61410678,5.220732818,10972.8,11094.72,5,"[[436,304086710031,86],[394,304086812171,74],[322,304086914171,82],[115,304086913031,80],[13,304086555343,104]]"
160515,296.1030002,1749,50.60655212,5.23932206,10972.8,11094.72,4,"[[322,297087213125,65],[436,297087004796,83],[394,297087104593,96],[13,297086854875,102]]"
160516,296.1030002,1749,50.60655212,5.23932206,10972.8,11102.34,4,"[[322,297087213125,65],[436,297087004796,83],[394,297087104593,96],[13,297086854875,102]]"
91954,168.243,1752,50.89892578,5.696856524,10972.8,11148.06,5,"[[436,169220296625,110],[394,169220388687,136],[322,169220624265,99],[115,169220513109,69],[13,169220362750,79]]"
166538,307.3640001,354,51.67843059,4.479598998999999,11582.4,11673.84,4,"[[436,308332902156,101],[322,308332653109,120],[394,308333087312,58],[13,308332858515,38]]"
16455,30.18400002,869,50.74127197,5.115843077,10965.18,11140.44,4,"[[436,31158453375,91],[322,31158629140,90],[394,31158577062,78],[13,31158279750,94]]"
241755,444.6330001,1605,50.77011108,5.935289537999999,10363.2,10485.12,5,"[[322,445611102640,75],[394,445610779046,94],[436,445610742890,0],[115,445610869734,62],[13,445610824984,71]]"
182923,337.2450001,646,50.69265747,5.3916147589999985,11277.6,11460.48,4,"[[322,338228495609,71],[436,338228251093,98],[394,338228347953,101],[13,338228161937,78]]"
188941,348.2640002,175,51.03671265,4.593472867,10972.8,11148.06,5,"[[436,349254293109,74],[322,349254283093,64],[394,349254463140,44],[115,349254616453,55],[13,349254044703,118]]"
240095,441.6200001,1605,50.76824124,5.945205688,10363.2,10485.12,4,"[[322,442596091406,75],[436,442595730375,123],[394,442595764640,82],[13,442595814000,53]]"
243827,448.375,646,50.6313311,5.749783902999999,11277.6,11468.1,6,"[[436,449358800500,97],[322,449359115890,81],[394,449358849890,101],[238,449359069750,40],[13,449358799406,74],[115,449358928187,84]]"
12243,22.50200009,869,50.75218071,5.131454468,10965.18,11140.44,6,"[[436,23488427843,140],[322,23488607312,87],[394,23488551796,106],[115,23488671578,46],[412,23488826800,41],[13,23488261312,84]]"
125301,230.2650001,354,51.65533447,4.716920595,11582.4,11681.46,5,"[[436,231252205734,113],[322,231252057906,50],[394,231252390046,77],[115,231252577390,58],[13,231252203171,86]]"
170199,314.1950002,175,51.01904297,4.697026433,10972.8,11155.68,5,"[[436,315173750765,110],[322,315173775437,127],[115,315174069593,90],[394,315173918046,87],[13,315173513609,182]]"
